symbol,date,open,high,low,close,volume,adjusted
AABA,2017-11-15,68.230003,69.550003,68.050003,69.43,9144200,69.43
AABA,2017-11-16,69.800003,71.220001,69.800003,70.75,7509900,70.75
AABA,2017-11-17,70.809998,71.370003,70.739998,71.019997,14298500,71.019997
AABA,2017-11-20,71.599998,72.529999,71.43,71.949997,14666300,71.949997
AABA,2017-11-21,72.660004,73.139999,72.309998,72.849998,9514300,72.849998
AABA,2017-11-22,73.019997,73.25,72.459999,72.599998,6721500,72.599998
AABA,2017-11-24,72.470001,73.18,72.309998,72.93,3356300,72.93
AABA,2017-11-27,72.82,73.120003,71.919998,72.07,7630100,72.07
AABA,2017-11-28,72.25,72.480003,71.489998,71.980003,11936700,71.980003
AABA,2017-11-29,71.610001,71.699997,68.510002,70.360001,15976e3,70.360001
AABA,2017-11-30,70.309998,70.839996,69.370003,70.059998,19215600,70.059998
AABA,2017-12-01,69.800003,71.25,69.470001,70.099998,19712900,70.099998
AABA,2017-12-04,71.059998,71.339996,68.160004,68.309998,15533600,68.309998
AABA,2017-12-05,67.099998,69.379997,66.620003,68.129997,11963100,68.129997
AABA,2017-12-06,67.779999,69.620003,67.360001,69.410004,11646600,69.410004
AABA,2017-12-07,69.75,70.639999,69.480003,70.220001,7084600,70.220001
AABA,2017-12-08,71,71.629997,70.82,71.25,7020900,71.25
AABA,2017-12-11,71.699997,72.089996,71.150002,71.529999,7359300,71.529999
AABA,2017-12-12,71.07,71.150002,69.550003,69.769997,11296200,69.769997
AABA,2017-12-13,69.800003,71.760002,69.690002,71.239998,17321300,71.239998
AABA,2017-12-14,70.599998,70.620003,68.839996,69.230003,17077100,69.230003
AABA,2017-12-15,69.349998,70.540001,68.660004,70.290001,19517600,70.290001
AABA,2017-12-18,70.540001,70.739998,69.949997,70.139999,6777e3,70.139999
AABA,2017-12-19,69.699997,70.360001,69.379997,70.209999,14655e3,70.209999
AABA,2017-12-20,70.599998,71.050003,70.169998,70.900002,12887800,70.900002
AABA,2017-12-21,71,72.169998,70.879997,71.589996,9682700,71.589996
AABA,2017-12-22,71.419998,71.870003,71.220001,71.580002,10979200,71.580002
AABA,2017-12-26,70.940002,71.389999,69.629997,69.860001,8542800,69.860001
AABA,2017-12-27,69.769997,70.489998,69.690002,70.059998,6345100,70.059998
AABA,2017-12-28,70.120003,70.32,69.510002,69.82,7556900,69.82
AABA,2017-12-29,69.790001,70.129997,69.43,69.849998,6612700,69.849998
AABA,2018-01-02,70.769997,73.349998,70.550003,73.129997,11437300,73.129997
AABA,2018-01-03,73.5,73.860001,72.769997,73.779999,7401700,73.779999
AABA,2018-01-04,74.099998,75.220001,74.010002,74.57,8290900,74.57
AABA,2018-01-05,75.080002,76.57,74.910004,76.489998,6284e3,76.489998
AABA,2018-01-08,76.209999,76.809998,75.980003,76.480003,5287900,76.480003
AABA,2018-01-09,77.019997,77.230003,75.830002,76.589996,4907400,76.589996
AABA,2018-01-10,75.760002,76.660004,75.449997,76.510002,14777900,76.510002
AABA,2018-01-11,76.540001,76.779999,76.040001,76.139999,9457900,76.139999
AABA,2018-01-12,76.449997,76.589996,75.68,75.849998,4078400,75.849998
AABA,2018-01-16,76.440002,77.010002,73.709999,73.919998,7014100,73.919998
AABA,2018-01-17,74.410004,74.599998,72.860001,74.139999,4933800,74.139999
AABA,2018-01-18,73.860001,74.709999,73.720001,74.230003,5404600,74.230003
AABA,2018-01-19,74.389999,74.669998,73.709999,74.360001,7203300,74.360001
AABA,2018-01-22,74.599998,74.599998,73.580002,74.160004,5015400,74.160004
AABA,2018-01-23,74.660004,76.760002,74,76.57,13687700,76.57
AABA,2018-01-24,77.129997,78.879997,76.779999,77.809998,6297e3,77.809998
AABA,2018-01-25,78.449997,78.989998,77.32,78.580002,7840100,78.580002
AABA,2018-01-26,79.209999,80.449997,79,80.300003,17423400,80.300003
AABA,2018-01-29,80,80.43,78.970001,79.339996,9719600,79.339996
AABA,2018-01-30,77.580002,79.269997,76.760002,78.269997,7326500,78.269997
AABA,2018-01-31,79,80.559998,79,79.879997,6639200,79.879997
AABA,2018-02-01,76.480003,78.360001,75.690002,76.010002,8098e3,76.010002
AABA,2018-02-02,76.449997,76.699997,74.169998,74.400002,8327e3,74.400002
AABA,2018-02-05,72.900002,75.379997,71.589996,72.510002,10552400,72.510002
AABA,2018-02-06,70.019997,73.669998,69.589996,73.529999,7436500,73.529999
AABA,2018-02-07,73.160004,74.190002,72.099998,72.160004,3373100,72.160004
AABA,2018-02-08,72.550003,72.779999,69.099998,69.150002,5742e3,69.150002
AABA,2018-02-09,70.57,70.769997,67.860001,70.480003,6129800,70.480003
AABA,2018-02-12,71.190002,71.779999,70.269997,71.099998,2653800,71.099998
AABA,2018-02-13,70.720001,72.440002,70.550003,71.309998,5535300,71.309998
AABA,2018-02-14,70.879997,73.730003,70.879997,73.660004,8043500,73.660004
AABA,2018-02-15,74.25,74.699997,73.230003,74.400002,4274200,74.400002
AABA,2018-02-16,74.459999,74.980003,73.300003,73.510002,6982200,73.510002
AABA,2018-02-20,72.830002,75.260002,72.779999,74.589996,5574300,74.589996
AABA,2018-02-21,75.260002,76.709999,75.040001,75.110001,7147700,75.110001
AABA,2018-02-22,75.830002,75.989998,75.059998,75.519997,9369200,75.519997
AABA,2018-02-23,76.5,77.779999,76.099998,77.760002,16053100,77.760002
AABA,2018-02-26,78.43,78.68,76.720001,78.080002,18350200,78.080002
AABA,2018-02-27,77.860001,78,75.769997,76.129997,12425700,76.129997
AABA,2018-02-28,75.910004,76.080002,74.510002,74.849998,8566500,74.849998
AABA,2018-03-01,75.040001,75.389999,72.910004,73.739998,9733100,73.739998
AABA,2018-03-02,72.349998,72.989998,71.440002,72.690002,7649400,72.690002
AABA,2018-03-05,72.199997,73.57,71.769997,73.440002,6524400,73.440002
AABA,2018-03-06,74.419998,75.5,74.360001,75.169998,9082700,75.169998
AABA,2018-03-07,74.029999,76.050003,74.019997,75.980003,4973700,75.980003
AABA,2018-03-08,76.010002,76.269997,75.290001,75.730003,3608700,75.730003
AABA,2018-03-09,76.290001,76.879997,75.760002,76.620003,6687500,76.620003
AABA,2018-03-12,77,77.760002,76.540001,77.559998,9766600,77.559998
AABA,2018-03-13,77.980003,78.050003,75.68,75.970001,3937600,75.970001
AABA,2018-03-14,76.269997,77.669998,76.269997,77.199997,4945600,77.199997
AABA,2018-03-15,79.010002,80.150002,78.529999,79.419998,9009600,79.419998
AABA,2018-03-16,79.050003,80.050003,78.800003,79.900002,6279e3,79.900002
AABA,2018-03-19,79.279999,79.480003,77.309998,77.839996,6146300,77.839996
AABA,2018-03-20,77.879997,79.190002,77.730003,79.07,4371600,79.07
AABA,2018-03-21,78.970001,79.089996,77.889999,78.07,6453700,78.07
AABA,2018-03-22,76.519997,77.169998,74.349998,74.57,7164200,74.57
AABA,2018-03-23,74.980003,75.75,72.669998,73,5051400,73
AABA,2018-03-26,74.559998,75.989998,73.690002,75.809998,6004900,75.809998
AABA,2018-03-27,76.620003,76.620003,72.449997,73.029999,7937100,73.029999
AABA,2018-03-28,72.739998,73.519997,71.769997,72.639999,8076300,72.639999
AABA,2018-03-29,73.099998,74.589996,72.330002,74.040001,5098e3,74.040001
AABA,2018-04-02,73.580002,73.760002,70.980003,71.599998,10384500,71.599998
AABA,2018-04-03,72.150002,72.419998,70.089996,70.529999,4862e3,70.529999
AABA,2018-04-04,68.190002,69.559998,67.949997,69.519997,7860200,69.519997
AABA,2018-04-05,70.5,70.959999,69.120003,69.379997,5621e3,69.379997
AABA,2018-04-06,68.480003,69.480003,67.379997,67.550003,8322700,67.550003
AABA,2018-04-09,68.220001,69.330002,68.110001,68.440002,6316800,68.440002
AABA,2018-04-10,70.18,71.080002,69.82,70.779999,9330400,70.779999
AABA,2018-04-11,70.309998,71.449997,70.18,70.550003,4020900,70.550003
AABA,2018-04-12,70.75,71.389999,70.230003,70.540001,3960700,70.540001
AABA,2018-04-13,71.309998,71.309998,69.07,69.290001,4890400,69.290001
AABA,2018-04-16,69.519997,69.989998,69.010002,69.919998,3805400,69.919998
AABA,2018-04-17,70.290001,71.489998,70.169998,71.089996,14357700,71.089996
AABA,2018-04-18,71.360001,72.5,70.830002,72.32,7508200,72.32
AABA,2018-04-19,72.300003,72.599998,71.489998,72.019997,8610300,72.019997
AABA,2018-04-20,71.57,72.139999,70.589996,71.059998,6119600,71.059998
AABA,2018-04-23,71.139999,71.190002,69.68,69.889999,19183900,69.889999
AABA,2018-04-24,70.550003,70.75,68.459999,69.260002,3180700,69.260002
AABA,2018-04-25,68.849998,68.849998,67.089996,68.269997,4180600,68.269997
AABA,2018-04-26,68.900002,69.879997,68.830002,69.800003,4392400,69.800003
AABA,2018-04-27,70.889999,71.089996,69.519997,69.730003,10648200,69.730003
AABA,2018-04-30,70.199997,70.800003,69.440002,70.080002,5861700,70.080002
AABA,2018-05-01,69.449997,70.300003,69.339996,69.889999,8600100,69.889999
AABA,2018-05-02,70.120003,71.389999,70.029999,70.209999,6565600,70.209999
AABA,2018-05-03,70.5,70.650002,68.080002,70.379997,8114600,70.379997
AABA,2018-05-04,70.019997,73.080002,69.580002,72.709999,8716100,72.709999
AABA,2018-05-07,73.25,75.970001,73.25,75.330002,5728700,75.330002
AABA,2018-05-08,75.209999,76.389999,75.040001,76.040001,691e4,76.040001
AABA,2018-05-09,76.120003,76.809998,75.800003,75.93,4059400,75.93
AABA,2018-05-10,76.190002,77.480003,75.730003,75.900002,6020800,75.900002
AABA,2018-05-11,75.949997,76.360001,75.300003,75.669998,3162200,75.669998
AABA,2018-05-14,75.75,77.620003,75.75,76.739998,5002100,76.739998
AABA,2018-05-15,75.919998,76.459999,75.400002,76.440002,1960700,76.440002
AABA,2018-05-16,76.349998,77.43,76.349998,77.019997,2300800,77.019997
AABA,2018-05-17,76.769997,77.339996,76.370003,76.5,1956400,76.5
AABA,2018-05-18,76.440002,77.059998,75.860001,75.93,4265200,75.93
AABA,2018-05-21,76.690002,77.550003,76.540001,77.019997,5223900,77.019997
AABA,2018-05-22,77.300003,77.32,76.389999,76.510002,1837700,76.510002
AABA,2018-05-23,75.839996,76.720001,75.440002,76.449997,7051500,76.449997
AABA,2018-05-24,76.839996,77.489998,76.400002,77.169998,4018400,77.169998
AABA,2018-05-25,77.050003,78.25,76.889999,77.43,1432100,77.43
AABA,2018-05-29,76.959999,78.290001,76.449997,76.800003,1714300,76.800003
AABA,2018-05-30,77.18,77.540001,76.599998,77.029999,3239400,77.029999
AABA,2018-05-31,76.860001,77.489998,76.699997,77.160004,3231600,77.160004
AABA,2018-06-01,77.580002,80,77.580002,78.980003,4513600,78.980003
AABA,2018-06-04,79.25,80.510002,79.25,80.239998,3263300,80.239998
AABA,2018-06-05,80.32,81.25,79.720001,80.349998,3134100,80.349998
AABA,2018-06-06,80.75,81.110001,79.989998,80.279999,3161e3,80.279999
AABA,2018-06-07,81.040001,81.989998,78.660004,79.75,14318300,79.75
AABA,2018-06-08,78.830002,80.879997,78.57,80.550003,8087e3,80.550003
AABA,2018-06-11,80.699997,81.449997,80.5,80.690002,14316700,80.690002
AABA,2018-06-12,81.110001,82.199997,81.110001,81.620003,14168400,81.620003
AABA,2018-06-13,81.769997,81.989998,80.629997,80.830002,12558600,80.830002
AABA,2018-06-14,81.07,82.449997,81.050003,82.360001,8387500,82.360001
AABA,2018-06-15,81.050003,82.139999,80.629997,81.459999,11167900,81.459999
AABA,2018-06-18,80.720001,81.669998,79.919998,81.610001,9638500,81.610001
AABA,2018-06-19,79.779999,80.290001,78.199997,80.169998,11067600,80.169998
AABA,2018-06-20,80.5,81.389999,80.199997,81.110001,15068e3,81.110001
AABA,2018-06-21,80.639999,80.93,79.139999,79.620003,11232400,79.620003
AABA,2018-06-22,79.940002,80.169998,78.870003,79.459999,8648e3,79.459999
AABA,2018-06-25,78.230003,78.25,74.410004,75.459999,11493e3,75.459999
AABA,2018-06-26,75.910004,76.260002,74.449997,75.5,12841e3,75.5
AABA,2018-06-27,76.040001,76.220001,73.110001,73.129997,13213400,73.129997
AABA,2018-06-28,72.699997,74.610001,71.980003,74.410004,11596900,74.410004
AABA,2018-06-29,73.339996,74.519997,72.839996,73.209999,17791e3,73.209999
AABA,2018-07-02,71.610001,73.5,71.540001,73.410004,27379900,73.410004
AABA,2018-07-03,74,74.18,72.519997,72.790001,9138e3,72.790001
AABA,2018-07-05,73.300003,73.489998,71.809998,73.349998,14246600,73.349998
AABA,2018-07-06,73.309998,75.550003,72.870003,75.360001,1172e4,75.360001
AABA,2018-07-09,76,76.339996,74.910004,75.610001,9081900,75.610001
AABA,2018-07-10,76.400002,76.919998,75.599998,75.970001,9801800,75.970001
AABA,2018-07-11,74.779999,74.860001,73.699997,73.760002,9658800,73.760002
AABA,2018-07-12,74.849998,75.57,74.519997,74.610001,11993200,74.610001
AABA,2018-07-13,74.949997,75.25,74.139999,74.480003,8488100,74.480003
AABA,2018-07-16,74.309998,74.889999,74.080002,74.660004,9835200,74.660004
AABA,2018-07-17,73.980003,75.550003,73.620003,75.360001,8570700,75.360001
AABA,2018-07-18,75.440002,75.57,74.470001,74.660004,11081300,74.660004
AABA,2018-07-19,74.139999,74.290001,73.139999,73.360001,8135200,73.360001
AABA,2018-07-20,73.599998,74.07,73.029999,73.269997,7184900,73.269997
AABA,2018-07-23,73.099998,73.449997,72.309998,73.150002,6876900,73.150002
AABA,2018-07-24,74.160004,75.660004,73.910004,74.150002,12963300,74.150002
AABA,2018-07-25,74.290001,77.720001,74.290001,77.529999,9101400,77.529999
AABA,2018-07-26,76.150002,76.790001,75.529999,76.190002,10315800,76.190002
AABA,2018-07-27,76.889999,77,73.209999,74.099998,15501800,74.099998
AABA,2018-07-30,74.330002,74.580002,71.32,72.389999,19783700,72.389999
AABA,2018-07-31,73.139999,74.099998,72.160004,73.449997,18425200,73.449997
AABA,2018-08-01,73.199997,74.589996,72.669998,73.18,22297600,73.18
AABA,2018-08-02,71.800003,72.220001,71.029999,72.089996,26038900,72.089996
AABA,2018-08-03,72.739998,72.75,71.309998,71.580002,25891e3,71.580002
AABA,2018-08-06,71.379997,71.510002,70.32,70.889999,35841700,70.889999
AABA,2018-08-07,71.459999,72.449997,71.239998,71.5,11515300,71.5
AABA,2018-08-08,71.75,71.75,70.459999,70.989998,22469400,70.989998
AABA,2018-08-09,70.82,71.449997,70.309998,70.489998,37448e3,70.489998
AABA,2018-08-10,69.839996,71.440002,69.769997,70.970001,25773200,70.970001
AABA,2018-08-13,71.139999,71.199997,70.080002,70.199997,12438800,70.199997
AABA,2018-08-14,69.889999,69.889999,67.830002,68.150002,15583800,68.150002
AABA,2018-08-15,66.18,67.110001,65.779999,67.040001,9798500,67.040001
AABA,2018-08-16,67.940002,69.449997,67.93,68.139999,9290100,68.139999
AABA,2018-08-17,67.870003,68.940002,67.040001,68.169998,13238100,68.169998
AABA,2018-08-20,68.839996,70.269997,68.620003,69.260002,11537300,69.260002
AABA,2018-08-21,69.669998,70.690002,69.610001,70.25,4675e3,70.25
AABA,2018-08-22,70.290001,70.699997,69.43,70.32,7280900,70.32
AABA,2018-08-23,72.510002,73.150002,68.139999,68.220001,27034500,68.220001
AABA,2018-08-24,69.080002,69.599998,68.169998,68.900002,4898900,68.900002
AABA,2018-08-27,69.68,70.889999,69.529999,70.839996,3550100,70.839996
AABA,2018-08-28,71.279999,71.449997,69.949997,70.300003,3095400,70.300003
AABA,2018-08-29,70.32,70.610001,69.870003,70.43,2642500,70.43
AABA,2018-08-30,70.019997,70.290001,69.089996,69.330002,8258400,69.330002
AABA,2018-08-31,68.900002,69.93,68.730003,69.550003,5783400,69.550003
AABA,2018-09-04,69.120003,69.139999,67.660004,67.959999,5813100,67.959999
AABA,2018-09-05,66.360001,67.160004,65.019997,65.650002,6985400,65.650002
AABA,2018-09-06,65.589996,66.360001,63.939999,64.209999,6633e3,64.209999
AABA,2018-09-07,64.029999,65.629997,64.029999,64.82,3899900,64.82
AABA,2018-09-10,63.5,64.440002,63.080002,63.799999,14090100,63.799999
AABA,2018-09-11,62.880001,64.910004,62.799999,64.290001,10305300,64.290001
AABA,2018-09-12,64.589996,66.970001,64.370003,66.519997,17460500,66.519997
AABA,2018-09-13,67.739998,68.529999,67.440002,67.980003,10852700,67.980003
AABA,2018-09-14,68.470001,68.699997,67.330002,67.75,5012200,67.75
AABA,2018-09-17,67.160004,67.209999,65.639999,65.900002,8991800,65.900002
AABA,2018-09-18,65.32,66.080002,64.529999,64.980003,9300900,64.980003
AABA,2018-09-19,65.43,67.300003,65.43,67.089996,8697300,67.089996
AABA,2018-09-20,68.449997,68.839996,67.919998,68.349998,6840100,68.349998
AABA,2018-09-21,69.110001,69.360001,67.739998,67.93,6310600,67.93
AABA,2018-09-24,67.120003,67.639999,66.519997,67.589996,5357500,67.589996
AABA,2018-09-25,67.620003,68.449997,67.510002,67.860001,13072500,67.860001
AABA,2018-09-26,68.169998,68.970001,67.940002,68.129997,9222800,68.129997
AABA,2018-09-27,68.43,68.730003,68.050003,68.480003,7421300,68.480003
AABA,2018-09-28,67.93,68.459999,67.459999,68.120003,5577900,68.120003
AABA,2018-10-01,68.540001,68.699997,67.120003,67.239998,10598200,67.239998
AABA,2018-10-02,66.459999,66.839996,66.019997,66.629997,11254700,66.629997
AABA,2018-10-03,67.510002,68.029999,67.129997,67.25,4483800,67.25
AABA,2018-10-04,66.809998,66.809998,64.389999,65.260002,7018700,65.260002
AABA,2018-10-05,65.150002,65.510002,63.77,64.580002,8205700,64.580002
AABA,2018-10-08,63.23,63.82,62.439999,63.09,10861e3,63.09
AABA,2018-10-09,62.110001,62.860001,61.439999,61.52,15858400,61.52
AABA,2018-10-10,60.119999,60.490002,58.200001,58.41,16612500,58.41
AABA,2018-10-11,57.610001,60.119999,57.610001,59.93,10857300,59.93
AABA,2018-10-12,62.02,62.220001,60.900002,61.98,7631500,61.98
AABA,2018-10-15,61.34,61.5,60.07,60.93,10262500,60.93
AABA,2018-10-16,61.630001,62.91,61.23,62.830002,7263500,62.830002
AABA,2018-10-17,63.040001,63.360001,61.610001,62.189999,5968600,62.189999
AABA,2018-10-18,61.25,61.560001,59.740002,60.060001,6181e3,60.060001
AABA,2018-10-19,60.950001,61.720001,60.330002,60.389999,4430500,60.389999
AABA,2018-10-22,62.080002,62.790001,61.310001,62.200001,5862e3,62.200001
AABA,2018-10-23,60.349998,61.720001,59.950001,61.349998,6212200,61.349998
AABA,2018-10-24,61.080002,61.540001,58.869999,59.07,6500100,59.07
AABA,2018-10-25,59.700001,60.950001,59.580002,60.740002,4896500,60.740002
AABA,2018-10-26,58.830002,61.060001,58.560001,60.169998,5491900,60.169998
AABA,2018-10-29,60.560001,60.77,56.099998,56.830002,8411200,56.830002
AABA,2018-10-30,55.810001,57.93,55.759998,57.919998,7192100,57.919998
AABA,2018-10-31,59.040001,60.110001,58.939999,60.099998,6158800,60.099998
AABA,2018-11-01,60.84,63.34,58.93,62.860001,8856700,62.860001
AABA,2018-11-02,63.82,64.120003,61.360001,61.73,6845400,61.73
AABA,2018-11-05,61.43,62.209999,60.68,60.869999,3734600,60.869999
AABA,2018-11-06,60.93,62.580002,60.93,61.93,5377e3,61.93
AABA,2018-11-07,62.77,63.66,62.459999,63.599998,5663500,63.599998
AABA,2018-11-08,63.18,63.330002,61.630001,62.48,4846e3,62.48
AABA,2018-11-09,61.470001,61.689999,60.139999,60.98,5132800,60.98
AABA,2018-11-12,61,61.380001,59.110001,59.950001,3759100,59.950001
AABA,2018-11-13,60.130001,62.380001,60.130001,61.209999,9729800,61.209999
AABA,2018-11-14,62.34,63.23,61.709999,62.279999,9346e3,62.279999
CSCO,2017-11-15,33.970001,34.310001,33.75,34.110001,30829600,33.103882
CSCO,2017-11-16,36.040001,36.669998,35.830002,35.880001,61177100,34.821678
CSCO,2017-11-17,35.900002,36.32,35.810001,35.900002,27988e3,34.841087
CSCO,2017-11-20,35.93,36.540001,35.93,36.5,26897800,35.423386
CSCO,2017-11-21,36.75,36.970001,36.580002,36.650002,24146400,35.568962
CSCO,2017-11-22,36.700001,36.720001,36.360001,36.450001,17226400,35.374863
CSCO,2017-11-24,36.41,36.57,36.32,36.490002,6155800,35.413685
CSCO,2017-11-27,36.509998,37.09,36.5,36.869999,20942200,35.782471
CSCO,2017-11-28,37,37.799999,36.98,37.73,30966600,36.617107
CSCO,2017-11-29,37.75,38.029999,37.23,37.48,36788600,36.374481
CSCO,2017-11-30,37.619999,37.799999,37.299999,37.299999,30749500,36.199787
CSCO,2017-12-01,37.09,37.66,36.73,37.599998,26920900,36.49094
CSCO,2017-12-04,37.810001,37.990002,37.540001,37.720001,29414400,36.607403
CSCO,2017-12-05,37.740002,37.82,37.169998,37.310001,23288200,36.209496
CSCO,2017-12-06,37.369999,37.720001,37.25,37.41,16581800,36.306545
CSCO,2017-12-07,37.259998,37.779999,37.259998,37.400002,17092e3,36.296844
CSCO,2017-12-08,37.59,37.689999,37.419998,37.610001,14044400,36.500648
CSCO,2017-12-11,37.59,38.040001,37.57,37.959999,16749500,36.840321
CSCO,2017-12-12,37.790001,38.099998,37.560001,37.91,16658600,36.791798
CSCO,2017-12-13,38.09,38.369999,38,38.150002,20199500,37.024719
CSCO,2017-12-14,38.200001,38.27,37.849998,37.900002,16738300,36.782089
CSCO,2017-12-15,38.009998,38.279999,37.700001,38.189999,47167700,37.063538
CSCO,2017-12-18,38.48,38.889999,38.299999,38.48,21591400,37.344982
CSCO,2017-12-19,38.66,38.860001,38.279999,38.299999,19695200,37.170292
CSCO,2017-12-20,38.490002,38.799999,38.209999,38.740002,18939500,37.597317
CSCO,2017-12-21,38.880001,38.990002,38.490002,38.529999,16387500,37.393513
CSCO,2017-12-22,38.52,38.740002,38.470001,38.549999,11441600,37.412918
CSCO,2017-12-26,38.549999,38.68,38.360001,38.48,8186100,37.344982
CSCO,2017-12-27,38.540001,38.650002,38.450001,38.560001,10543e3,37.422626
CSCO,2017-12-28,38.73,38.73,38.450001,38.59,8807700,37.45174
CSCO,2017-12-29,38.41,38.619999,38.299999,38.299999,12583600,37.170292
CSCO,2018-01-02,38.669998,38.950001,38.43,38.860001,20135700,37.713779
CSCO,2018-01-03,38.720001,39.279999,38.529999,39.169998,29536e3,38.014629
CSCO,2018-01-04,39.049999,39.540001,38.93,38.990002,20731400,38.122185
CSCO,2018-01-05,39.549999,39.880001,39.369999,39.529999,24588200,38.650162
CSCO,2018-01-08,39.52,39.959999,39.349998,39.939999,16582e3,39.051037
CSCO,2018-01-09,39.790001,39.959999,39.540001,39.689999,21449800,38.806602
CSCO,2018-01-10,39.650002,40.240002,39.630001,39.91,19473e3,39.021706
CSCO,2018-01-11,40.139999,40.209999,39.75,40.099998,21685600,39.207478
CSCO,2018-01-12,40.220001,40.93,40.049999,40.869999,23770500,39.960339
CSCO,2018-01-16,40.900002,41.16,40.32,40.540001,32845e3,39.637688
CSCO,2018-01-17,40.84,41.32,40.709999,41.200001,24146300,40.282997
CSCO,2018-01-18,41.240002,41.48,41.029999,41.299999,19610200,40.380772
CSCO,2018-01-19,41.279999,41.52,41.099998,41.290001,24582e3,40.370991
CSCO,2018-01-22,41.200001,41.66,41.02,41.66,22995100,40.732758
CSCO,2018-01-23,41.540001,42.130001,41.540001,42.099998,23984500,41.16296
CSCO,2018-01-24,42.200001,42.689999,42.009998,42.169998,26696200,41.231403
CSCO,2018-01-25,42.27,42.470001,41.82,41.900002,19207500,40.967419
CSCO,2018-01-26,42.150002,42.560001,41.950001,42.560001,23380400,41.612728
CSCO,2018-01-29,42.299999,42.98,42.299999,42.849998,23625900,41.896271
CSCO,2018-01-30,42.689999,42.860001,41.970001,42.25,28993900,41.309624
CSCO,2018-01-31,41.98,42.009998,41.349998,41.540001,36512100,40.615429
CSCO,2018-02-01,41.09,42.110001,40.669998,41.700001,26148500,40.771866
CSCO,2018-02-02,41.5,41.950001,40.869999,40.93,27224200,40.019005
CSCO,2018-02-05,40.869999,41.41,38.720001,38.779999,52399600,37.916855
CSCO,2018-02-06,38.330002,40.310001,37.349998,40.169998,55171600,39.275921
CSCO,2018-02-07,40.310001,41.209999,40.029999,40.34,32690800,39.442135
CSCO,2018-02-08,40.439999,40.759998,38.720001,38.77,42982100,37.907082
CSCO,2018-02-09,39,39.919998,38.23,39.529999,51304200,38.650162
CSCO,2018-02-12,40.52,40.91,40.23,40.599998,38210700,39.69635
CSCO,2018-02-13,40.5,41.310001,40.220001,41.23,30999100,40.312328
CSCO,2018-02-14,41.040001,42.259998,40.990002,42.09,43835900,41.153187
CSCO,2018-02-15,45.07,45.130001,43.259998,44.080002,72267500,43.098896
CSCO,2018-02-16,43.889999,45.09,43.790001,44.330002,39267500,43.34333
CSCO,2018-02-20,44,44.689999,43.810001,44.060001,29006900,43.079342
CSCO,2018-02-21,44.110001,44.419998,43.279999,43.310001,28499200,42.346031
CSCO,2018-02-22,43.490002,43.560001,42.75,42.939999,25887600,41.984268
CSCO,2018-02-23,43.369999,44.040001,42.919998,44,25781400,43.020676
CSCO,2018-02-26,44.299999,45.450001,44.130001,45.360001,27771100,44.350403
CSCO,2018-02-27,45.41,45.610001,44.619999,45.040001,27419300,44.037529
CSCO,2018-02-28,45.27,45.889999,44.779999,44.779999,26885200,43.783314
CSCO,2018-03-01,44.68,45,43.349998,43.799999,32154300,42.825127
CSCO,2018-03-02,43.290001,44.220001,43.099998,44.060001,28848100,43.079342
CSCO,2018-03-05,43.919998,44.77,43.700001,44.52,22101700,43.529102
CSCO,2018-03-06,44.650002,44.790001,44.139999,44.290001,2193e4,43.304218
CSCO,2018-03-07,44.029999,44.389999,43.799999,44.200001,22034400,43.216225
CSCO,2018-03-08,44.25,44.41,43.939999,44.34,20285600,43.353107
CSCO,2018-03-09,44.619999,45.540001,44.610001,45.369999,22230900,44.360184
CSCO,2018-03-12,45.529999,45.869999,45.400002,45.549999,18299800,44.536175
CSCO,2018-03-13,45.779999,46.16,44.919998,45.16,23411200,44.154854
CSCO,2018-03-14,45.34,45.759998,45.09,45.279999,21141100,44.272182
CSCO,2018-03-15,45.299999,45.740002,45.119999,45.330002,23520400,44.321075
CSCO,2018-03-16,45.330002,45.599998,44.970001,45.009998,56129e3,44.008194
CSCO,2018-03-19,44.59,44.82,43.900002,44.27,26734100,43.284668
CSCO,2018-03-20,44.490002,44.639999,44.18,44.369999,22809700,43.382439
CSCO,2018-03-21,44.240002,44.900002,44.130001,44.310001,22528200,43.32378
CSCO,2018-03-22,43.759998,44.02,43.02,43.07,29520800,42.111374
CSCO,2018-03-23,43.709999,43.84,42.419998,42.419998,31759200,41.475838
CSCO,2018-03-26,43.25,44.16,42.830002,44.060001,29731900,43.079342
CSCO,2018-03-27,44.490002,44.52,42.240002,42.68,30942e3,41.730053
CSCO,2018-03-28,42.509998,42.84,41.619999,41.66,36696800,40.732758
CSCO,2018-03-29,41.939999,42.93,41.580002,42.889999,55021200,41.935379
CSCO,2018-04-02,42.52,42.630001,40.529999,41.009998,36791800,40.097221
CSCO,2018-04-03,41.34,41.5,40.720001,41.380001,28003900,40.458992
CSCO,2018-04-04,40.389999,41.549999,40.189999,41.200001,30117600,40.606831
CSCO,2018-04-05,41.5,42.02,41.380001,41.82,29331600,41.217903
CSCO,2018-04-06,41.400002,41.68,40.450001,40.73,32208700,40.143597
CSCO,2018-04-09,40.950001,42.060001,40.900002,41.169998,25725800,40.577259
CSCO,2018-04-10,42.099998,42.709999,41.75,42.509998,22724400,41.897968
CSCO,2018-04-11,42.419998,42.900002,42.259998,42.43,21693e3,41.819118
CSCO,2018-04-12,42.779999,43.639999,42.73,43.34,22297e3,42.716019
CSCO,2018-04-13,43.549999,43.740002,42.639999,43,18272300,42.380917
CSCO,2018-04-16,43.119999,43.639999,43.029999,43.299999,15807900,42.676594
CSCO,2018-04-17,43.849998,44.75,43.709999,44.59,21474600,43.948021
CSCO,2018-04-18,44.610001,44.919998,44.299999,44.630001,17605300,43.987446
CSCO,2018-04-19,44.419998,44.950001,44.380001,44.560001,21472300,43.918457
CSCO,2018-04-20,44.5,44.75,43.619999,44.09,23539200,43.455223
CSCO,2018-04-23,44.259998,44.48,43.869999,44.25,20716800,43.612915
CSCO,2018-04-24,44.43,44.91,43.330002,43.740002,21421500,43.11026
CSCO,2018-04-25,43.799999,43.990002,42.75,43.709999,21706e3,43.080688
CSCO,2018-04-26,43.98,44.490002,43.439999,44.209999,20549300,43.57349
CSCO,2018-04-27,44.689999,45.34,44.360001,44.709999,20077400,44.066296
CSCO,2018-04-30,44.919998,45.18,44.279999,44.290001,19958500,43.65234
CSCO,2018-05-01,43.91,44.950001,43.830002,44.830002,16865500,44.184566
CSCO,2018-05-02,44.91,45.049999,43.799999,43.860001,23601600,43.228531
CSCO,2018-05-03,44.009998,44.810001,43.439999,44.439999,23750200,43.800179
CSCO,2018-05-04,44.009998,45.5,43.900002,45.299999,19504100,44.6478
CSCO,2018-05-07,45.360001,46,45.299999,45.73,17822400,45.071609
CSCO,2018-05-08,45.82,45.869999,45.380001,45.709999,20285300,45.051895
CSCO,2018-05-09,45.900002,46.099998,45.189999,46.040001,20438300,45.377144
CSCO,2018-05-10,46,46.369999,45.669998,46.299999,18469400,45.6334
CSCO,2018-05-11,46.09,46.27,45.779999,45.93,17551500,45.268726
CSCO,2018-05-14,45.75,46.23,45.669998,45.700001,22037700,45.042042
CSCO,2018-05-15,45.209999,45.549999,44.93,45.48,24753600,44.825211
CSCO,2018-05-16,45.360001,45.549999,45.009998,45.16,31253700,44.509811
CSCO,2018-05-17,43.130001,44.16,43.02,43.459999,48210400,42.83429
CSCO,2018-05-18,43.459999,43.57,43.110001,43.209999,24456e3,42.587891
CSCO,2018-05-21,43.490002,43.939999,43.419998,43.75,21785900,43.120117
CSCO,2018-05-22,43.790001,43.91,43.48,43.650002,16381800,43.021557
CSCO,2018-05-23,43.400002,43.700001,42.889999,43.68,20399400,43.051125
CSCO,2018-05-24,43.599998,43.970001,43.009998,43.57,18335600,42.942707
CSCO,2018-05-25,43.459999,43.619999,43.209999,43.259998,15362e3,42.637165
CSCO,2018-05-29,42.759998,43.16,42.52,42.970001,25057300,42.351345
CSCO,2018-05-30,43.080002,43.34,42.830002,42.849998,22498800,42.233074
CSCO,2018-05-31,42.860001,43.130001,42.610001,42.709999,31439600,42.095085
CSCO,2018-06-01,42.91,43.689999,42.880001,43.66,18321200,43.03141
CSCO,2018-06-04,43.5,43.830002,43.209999,43.580002,17943100,42.952564
CSCO,2018-06-05,43.740002,43.75,43.389999,43.669998,16728800,43.041264
CSCO,2018-06-06,43.759998,44.310001,43.66,44.259998,17730200,43.622772
CSCO,2018-06-07,44.240002,44.389999,43.349998,43.650002,19722e3,43.021557
CSCO,2018-06-08,43.52,43.73,43.310001,43.48,18812400,42.854
CSCO,2018-06-11,43.619999,43.919998,43.439999,43.689999,15069e3,43.060978
CSCO,2018-06-12,43.68,43.950001,43.470001,43.939999,17564900,43.307381
CSCO,2018-06-13,44.02,44.529999,43.84,44.009998,24383200,43.376369
CSCO,2018-06-14,44.23,44.810001,44.049999,44.689999,24020500,44.046577
CSCO,2018-06-15,44.360001,44.529999,43.59,44.25,49379800,43.612915
CSCO,2018-06-18,43.869999,44.419998,43.389999,44.209999,17625400,43.57349
CSCO,2018-06-19,43.619999,44.02,43.439999,43.82,22199200,43.189106
CSCO,2018-06-20,43.950001,43.990002,43.700001,43.740002,21276500,43.11026
CSCO,2018-06-21,43.689999,43.779999,43.060001,43.16,20924400,42.538609
CSCO,2018-06-22,43.34,43.450001,42.889999,43.200001,2746e4,42.578033
CSCO,2018-06-25,42.689999,42.82,41.810001,42.290001,28626700,41.681137
CSCO,2018-06-26,42.48,43.139999,42.389999,42.549999,22171200,41.937393
CSCO,2018-06-27,42.73,43.150002,42.279999,42.330002,20794800,41.720562
CSCO,2018-06-28,42.330002,43.189999,42.279999,42.939999,22197700,42.321774
CSCO,2018-06-29,43.049999,43.5,42.970001,43.029999,20522900,42.41048
CSCO,2018-07-02,42.560001,42.830002,42.200001,42.810001,21810900,42.193653
CSCO,2018-07-03,42.939999,43.23,42.619999,42.669998,13474700,42.055664
CSCO,2018-07-05,42.560001,42.639999,41.959999,42.560001,18118700,42.274189
CSCO,2018-07-06,42.389999,42.880001,42.310001,42.709999,20258300,42.42318
CSCO,2018-07-09,42.75,42.779999,42.360001,42.669998,2321e4,42.383446
CSCO,2018-07-10,42.869999,43.040001,42.709999,42.860001,20224600,42.572174
CSCO,2018-07-11,42.560001,42.759998,42.439999,42.57,17721600,42.284119
CSCO,2018-07-12,42.759998,43.630001,42.75,43.580002,17999500,43.287338
CSCO,2018-07-13,43.52,43.779999,40.939999,41.779999,50831300,41.499424
CSCO,2018-07-16,42.049999,42.939999,42,42.5,24468e3,42.214588
CSCO,2018-07-17,42.209999,42.509998,42.139999,42.34,21188400,42.055664
CSCO,2018-07-18,42.240002,42.470001,42.150002,42.209999,20364e3,41.926537
CSCO,2018-07-19,42.799999,43.009998,42.220001,42.400002,24498800,42.115261
CSCO,2018-07-20,42.259998,42.369999,41.860001,42.009998,20732100,41.727879
CSCO,2018-07-23,41.919998,42.119999,41.439999,42.060001,15656500,41.777546
CSCO,2018-07-24,42.220001,42.880001,42.07,42.389999,17493900,42.105328
CSCO,2018-07-25,42.360001,43.220001,42.290001,43.16,20658300,42.870159
CSCO,2018-07-26,43.580002,43.830002,43.220001,43.529999,23518700,43.237671
CSCO,2018-07-27,43.259998,43.619999,42.419998,42.57,22050900,42.284119
CSCO,2018-07-30,42.459999,42.610001,42.080002,42.169998,15300400,41.886803
CSCO,2018-07-31,42.240002,42.619999,41.919998,42.290001,20900300,42.006001
CSCO,2018-08-01,41.990002,42.34,41.330002,41.860001,2165e4,41.578888
CSCO,2018-08-02,41.389999,42.599998,41.200001,42.529999,18033200,42.244389
CSCO,2018-08-03,42.709999,42.880001,42.459999,42.830002,13394300,42.542374
CSCO,2018-08-06,42.73,43.41,42.66,43.299999,14345800,43.009216
CSCO,2018-08-07,43.299999,43.639999,43.240002,43.580002,18040500,43.287338
CSCO,2018-08-08,43.639999,43.959999,43.439999,43.84,13917100,43.545589
CSCO,2018-08-09,43.889999,44.110001,43.700001,43.779999,14056400,43.485992
CSCO,2018-08-10,43.689999,43.950001,43.580002,43.779999,14322100,43.485992
CSCO,2018-08-13,44.080002,44.389999,43.700001,43.75,17991100,43.456196
CSCO,2018-08-14,43.84,44.279999,43.580002,44,15981300,43.704517
CSCO,2018-08-15,43.66,44.5,43.009998,43.860001,27902200,43.565456
CSCO,2018-08-16,45.77,46.09,45.080002,45.16,48648500,44.856728
CSCO,2018-08-17,45.099998,46.080002,44.919998,45.869999,23153900,45.561958
CSCO,2018-08-20,45.990002,46.330002,45.779999,46.220001,19288500,45.909611
CSCO,2018-08-21,46.25,46.43,45.720001,45.779999,18617300,45.472561
CSCO,2018-08-22,45.950001,46.16,45.720001,45.990002,13202900,45.681152
CSCO,2018-08-23,45.880001,46.25,45.849998,46.02,15379e3,45.710953
CSCO,2018-08-24,46.200001,46.439999,46.07,46.32,15575200,46.008938
CSCO,2018-08-27,46.5,46.860001,46.34,46.59,17209900,46.277122
CSCO,2018-08-28,46.779999,47.27,46.619999,46.950001,19147300,46.634705
CSCO,2018-08-29,47.07,47.619999,46.900002,47.48,20220600,47.161144
CSCO,2018-08-30,47.310001,47.540001,46.970001,47.150002,16238500,46.833363
CSCO,2018-08-31,46.91,47.830002,46.799999,47.77,24904200,47.4492
CSCO,2018-09-04,47.84,48.060001,47.509998,47.73,19122200,47.409466
CSCO,2018-09-05,47.560001,47.650002,46.759998,47.27,20818100,46.952557
CSCO,2018-09-06,47.439999,47.900002,47.07,47.279999,16537600,46.96249
CSCO,2018-09-07,47.009998,47.490002,46.880001,47.049999,17229700,46.734032
CSCO,2018-09-10,47.299999,47.459999,46.779999,47.07,16597200,46.753899
CSCO,2018-09-11,46.91,47.169998,46.439999,47.029999,17291500,46.714169
CSCO,2018-09-12,46.860001,47.009998,46.439999,46.889999,16649400,46.575108
CSCO,2018-09-13,46.84,47.400002,46.799999,47.240002,17972100,46.92276
CSCO,2018-09-14,47.27,47.490002,47.099998,47.400002,13937e3,47.081684
CSCO,2018-09-17,47.23,47.580002,47.07,47.110001,14430200,46.793633
CSCO,2018-09-18,47.07,47.650002,47.07,47.459999,16469600,47.141281
CSCO,2018-09-19,47.419998,47.619999,47.119999,47.279999,12721900,46.96249
CSCO,2018-09-20,47.41,47.810001,47.16,47.73,17007800,47.409466
CSCO,2018-09-21,47.93,48.639999,47.82,48.560001,59664600,48.233894
CSCO,2018-09-24,48.209999,48.619999,48.189999,48.439999,21819300,48.114697
CSCO,2018-09-25,48.57,48.880001,48.43,48.470001,15810800,48.144501
CSCO,2018-09-26,48.740002,49.060001,48.27,48.41,20080100,48.0849
CSCO,2018-09-27,48.330002,48.759998,48.209999,48.330002,15910100,48.00544
CSCO,2018-09-28,48.27,48.799999,48.060001,48.650002,15474300,48.323292
CSCO,2018-10-01,49,49.139999,48.669998,48.869999,13669500,48.541809
CSCO,2018-10-02,48.75,49.139999,48.669998,49.009998,15671600,48.68087
CSCO,2018-10-03,49.259998,49.470001,49.07,49.139999,16737500,48.809998
CSCO,2018-10-04,48.630001,48.77,48.040001,48.380001,22110900,48.380001
CSCO,2018-10-05,48.400002,48.849998,47.610001,48.130001,19103300,48.130001
CSCO,2018-10-08,47.919998,48.5,47.150002,47.52,23791400,47.52
CSCO,2018-10-09,47.529999,48.029999,47.279999,47.490002,17008400,47.490002
CSCO,2018-10-10,47.439999,47.509998,45.540001,45.630001,33055800,45.630001
CSCO,2018-10-11,45.459999,45.599998,43.919998,44.119999,36496300,44.119999
CSCO,2018-10-12,44.93,45.849998,44.459999,45.709999,35424e3,45.709999
CSCO,2018-10-15,45.52,45.720001,44.669998,44.669998,26160500,44.669998
CSCO,2018-10-16,45.290001,45.939999,44.849998,45.82,22669400,45.82
CSCO,2018-10-17,45.889999,46.23,45.220001,45.939999,17803400,45.939999
CSCO,2018-10-18,46.299999,46.490002,45.150002,45.459999,19044600,45.459999
CSCO,2018-10-19,45.400002,46.200001,45.130001,45.34,21356300,45.34
CSCO,2018-10-22,45.77,46.279999,45.41,45.759998,19195400,45.759998
CSCO,2018-10-23,45.150002,45.77,44.439999,45.419998,21836200,45.419998
CSCO,2018-10-24,45.490002,45.68,43.959999,44.07,29588800,44.07
CSCO,2018-10-25,44.619999,45.810001,44.209999,45.470001,27054500,45.470001
CSCO,2018-10-26,44.57,45.110001,43.779999,44.25,31806600,44.25
CSCO,2018-10-29,44.889999,45.049999,42.939999,43.84,28214200,43.84
CSCO,2018-10-30,43.919998,44.700001,43.75,44.580002,25924600,44.580002
CSCO,2018-10-31,45.049999,46.299999,44.889999,45.75,26023700,45.75
CSCO,2018-11-01,45.669998,45.880001,45.099998,45.650002,24662100,45.650002
CSCO,2018-11-02,45.720001,46.09,44.98,45.48,25581300,45.48
CSCO,2018-11-05,45.740002,46.439999,45.349998,46.139999,17525200,46.139999
CSCO,2018-11-06,46.040001,46.619999,46,46.5,15446700,46.5
CSCO,2018-11-07,46.98,47.93,46.75,47.900002,19990400,47.900002
CSCO,2018-11-08,47.869999,48.439999,47.869999,48.439999,21002e3,48.439999
CSCO,2018-11-09,48.080002,48.25,46.700001,47.110001,22015400,47.110001
CSCO,2018-11-12,47.139999,47.25,45.540001,45.619999,25913500,45.619999
CSCO,2018-11-13,45.700001,46.060001,45.029999,45.119999,26196700,45.119999
CSCO,2018-11-14,45.119999,45.119999,45.119999,45.119999,0,45.119999
EBAY,2017-11-15,35.029999,35.470001,34.790001,35.299999,8120700,35.299999
EBAY,2017-11-16,35.369999,35.82,35.32,35.619999,8140200,35.619999
EBAY,2017-11-17,35.639999,35.709999,35.310001,35.580002,7542600,35.580002
EBAY,2017-11-20,35.619999,35.970001,35.419998,35.529999,5981700,35.529999
EBAY,2017-11-21,35.720001,36.110001,35.560001,35.959999,5888600,35.959999
EBAY,2017-11-22,36.049999,36.200001,35.84,35.939999,4576200,35.939999
EBAY,2017-11-24,36.07,36.110001,35.700001,35.84,3122800,35.84
EBAY,2017-11-27,35.880001,36.200001,35.790001,35.990002,7221700,35.990002
EBAY,2017-11-28,35.990002,36.200001,35.419998,35.5,11335100,35.5
EBAY,2017-11-29,35.419998,35.450001,33.950001,34.380001,22063e3,34.380001
EBAY,2017-11-30,34.48,35.189999,34.459999,34.669998,16415200,34.669998
EBAY,2017-12-01,34.380001,35.25,34.310001,35.200001,11535200,35.200001
EBAY,2017-12-04,35.580002,36.080002,35.380001,35.700001,11130700,35.700001
EBAY,2017-12-05,35.939999,37.189999,35.75,36.810001,19264500,36.810001
EBAY,2017-12-06,36.639999,36.91,36.360001,36.830002,9009600,36.830002
EBAY,2017-12-07,36.720001,37.150002,36.5,36.849998,7625100,36.849998
EBAY,2017-12-08,37.25,37.990002,37.16,37.650002,12423600,37.650002
EBAY,2017-12-11,37.509998,37.689999,37.32,37.52,7072200,37.52
EBAY,2017-12-12,37.439999,37.490002,37.099998,37.439999,6313900,37.439999
EBAY,2017-12-13,37.459999,37.639999,37.330002,37.400002,5901800,37.400002
EBAY,2017-12-14,37.41,37.77,37.41,37.599998,5456800,37.599998
EBAY,2017-12-15,37.720001,38.419998,37.389999,38.369999,16277200,38.369999
EBAY,2017-12-18,38.5,38.66,38.119999,38.18,8092100,38.18
EBAY,2017-12-19,38.150002,38.23,37.720001,37.799999,7871e3,37.799999
EBAY,2017-12-20,37.869999,38.099998,37.740002,37.93,6551500,37.93
EBAY,2017-12-21,38.110001,38.240002,37.77,37.810001,9619400,37.810001
EBAY,2017-12-22,37.689999,37.91,37.529999,37.759998,7603300,37.759998
EBAY,2017-12-26,37.790001,38.009998,37.599998,37.939999,4537e3,37.939999
EBAY,2017-12-27,38.07,38.080002,37.560001,37.610001,4244100,37.610001
EBAY,2017-12-28,37.459999,37.93,37.450001,37.919998,3398600,37.919998
EBAY,2017-12-29,37.82,38.029999,37.650002,37.740002,4652500,37.740002
EBAY,2018-01-02,38.169998,38.360001,37.919998,38.060001,6997300,38.060001
EBAY,2018-01-03,37.990002,39.279999,37.900002,39.220001,9134400,39.220001
EBAY,2018-01-04,39.419998,39.77,38.470001,38.57,8958600,38.57
EBAY,2018-01-05,38.849998,39.84,38.810001,39.689999,7290400,39.689999
EBAY,2018-01-08,39.549999,40.080002,39.439999,39.799999,9714200,39.799999
EBAY,2018-01-09,40.099998,40.130001,39.48,39.529999,6215900,39.529999
EBAY,2018-01-10,38.869999,39.02,37.549999,37.700001,17416500,37.700001
EBAY,2018-01-11,37.84,37.939999,37.459999,37.810001,11090500,37.810001
EBAY,2018-01-12,38,38.27,37.900002,38.02,11992900,38.02
EBAY,2018-01-16,38.07,38.25,37.380001,37.68,10718800,37.68
EBAY,2018-01-17,38,38.310001,37.75,37.990002,12010200,37.990002
EBAY,2018-01-18,38.209999,38.939999,38.130001,38.740002,11113500,38.740002
EBAY,2018-01-19,38.75,39.02,38.200001,38.43,12724e3,38.43
EBAY,2018-01-22,38.360001,39.73,38.330002,39.580002,10715e3,39.580002
EBAY,2018-01-23,39.59,39.889999,39.130001,39.77,6944800,39.77
EBAY,2018-01-24,39.970001,40.709999,39.689999,39.82,10736e3,39.82
EBAY,2018-01-25,39.93,40.41,39.860001,40.02,9070900,40.02
EBAY,2018-01-26,40.310001,40.91,39.919998,40.889999,8522600,40.889999
EBAY,2018-01-29,40.59,41.07,40.57,40.799999,6372800,40.799999
EBAY,2018-01-30,40.720001,41.34,40.189999,40.400002,9022900,40.400002
EBAY,2018-01-31,40.48,41.099998,40.360001,40.580002,14509700,40.580002
EBAY,2018-02-01,45.5,46.990002,45.209999,46.189999,33290600,46.189999
EBAY,2018-02-02,45.16,46.240002,44.23,44.299999,19255600,44.299999
EBAY,2018-02-05,44.02,44.450001,42.240002,42.369999,19100200,42.369999
EBAY,2018-02-06,41.720001,43.099998,41.720001,42.790001,18686100,42.790001
EBAY,2018-02-07,42.669998,43.119999,42.23,42.330002,11379200,42.330002
EBAY,2018-02-08,42.5,42.950001,41.009998,41.02,14996800,41.02
EBAY,2018-02-09,41.5,41.98,40.43,41.66,15976200,41.66
EBAY,2018-02-12,41.950001,42.639999,41.639999,42.32,11821400,42.32
EBAY,2018-02-13,41.990002,42.779999,41.900002,42.150002,10415600,42.150002
EBAY,2018-02-14,41.830002,42.669998,41.75,42.439999,9930100,42.439999
EBAY,2018-02-15,42.68,43.259998,42.23,43.009998,10402800,43.009998
EBAY,2018-02-16,43.16,43.639999,42.91,43.34,9396200,43.34
EBAY,2018-02-20,43.110001,43.790001,43.009998,43.389999,10947e3,43.389999
EBAY,2018-02-21,43.52,43.700001,43.060001,43.119999,10393300,43.119999
EBAY,2018-02-22,43.16,43.509998,42.619999,42.830002,10575200,42.830002
EBAY,2018-02-23,43.27,43.790001,42.82,43.68,11158700,43.68
EBAY,2018-02-26,43.799999,44.360001,43.650002,43.830002,6402500,43.830002
EBAY,2018-02-27,43.82,43.950001,43.130001,43.150002,9243800,43.150002
EBAY,2018-02-28,43.220001,43.419998,42.849998,42.860001,8825200,42.860001
EBAY,2018-03-01,43.009998,43.110001,42.049999,42.27,8040500,42.27
EBAY,2018-03-02,42.599998,43.060001,42.220001,42.950001,8070200,42.950001
EBAY,2018-03-05,42.790001,43.549999,42.619999,43.189999,5506100,43.189999
EBAY,2018-03-06,43.540001,43.540001,42.959999,43.139999,5324800,43.139999
EBAY,2018-03-07,42.970001,44.02,42.799999,43.93,8126500,43.93
EBAY,2018-03-08,44.16,44.299999,43.41,43.68,9297800,43.68
EBAY,2018-03-09,43.759998,43.849998,43.34,43.810001,7800600,43.810001
EBAY,2018-03-12,44.029999,44.040001,43.43,43.900002,9189400,43.900002
EBAY,2018-03-13,44.139999,44.220001,42.689999,42.82,9934900,42.82
EBAY,2018-03-14,42.970001,43.139999,42.650002,42.830002,11663300,42.830002
EBAY,2018-03-15,42.82,42.830002,42.16,42.59,7598600,42.59
EBAY,2018-03-16,42.619999,42.740002,42.380001,42.459999,14194900,42.459999
EBAY,2018-03-19,42.23,42.759998,41.720001,42.09,941e4,42.09
EBAY,2018-03-20,42.080002,42.189999,41.709999,41.959999,8000800,41.959999
EBAY,2018-03-21,41.869999,42.130001,41.470001,41.669998,7658100,41.669998
EBAY,2018-03-22,41.240002,41.549999,40.560001,40.580002,10974100,40.580002
EBAY,2018-03-23,40.57,40.939999,39.700001,39.709999,9244800,39.709999
EBAY,2018-03-26,40.299999,41.060001,39.59,41.009998,9796900,41.009998
EBAY,2018-03-27,41.150002,41.169998,39.98,40.220001,11795600,40.220001
EBAY,2018-03-28,40.130001,40.82,39.639999,40.110001,14336500,40.110001
EBAY,2018-03-29,40.439999,40.830002,39.990002,40.240002,13438300,40.240002
EBAY,2018-04-02,40.040001,40.34,38.900002,39.360001,7721400,39.360001
EBAY,2018-04-03,39.470001,39.900002,39.220001,39.610001,9671700,39.610001
EBAY,2018-04-04,39.099998,39.91,39,39.790001,10205800,39.790001
EBAY,2018-04-05,40.110001,40.310001,39.610001,40.029999,6190800,40.029999
EBAY,2018-04-06,39.66,39.939999,39,39.09,6019700,39.09
EBAY,2018-04-09,39.209999,39.549999,38.82,38.880001,7607500,38.880001
EBAY,2018-04-10,39.299999,39.82,39.139999,39.59,7480300,39.59
EBAY,2018-04-11,40.41,41.09,39.509998,39.830002,17644400,39.830002
EBAY,2018-04-12,40.27,40.889999,39.950001,40.529999,14002500,40.529999
EBAY,2018-04-13,41.060001,41.09,39.799999,39.900002,7340900,39.900002
EBAY,2018-04-16,40.220001,40.66,39.810001,40.189999,6629200,40.189999
EBAY,2018-04-17,40.389999,40.799999,40.130001,40.610001,9474500,40.610001
EBAY,2018-04-18,42.849998,42.900002,41.150002,41.75,19386300,41.75
EBAY,2018-04-19,41.529999,42.25,41.509998,42.110001,9700700,42.110001
EBAY,2018-04-20,42.279999,43,42.060001,42.200001,13731600,42.200001
EBAY,2018-04-23,42.349998,42.5,41.490002,41.599998,8673100,41.599998
EBAY,2018-04-24,41.849998,42.18,40.810001,41.18,7316900,41.18
EBAY,2018-04-25,41.110001,41.279999,40.240002,40.970001,11161200,40.970001
EBAY,2018-04-26,38.84,39.07,38.09,38.68,21446700,38.68
EBAY,2018-04-27,38.68,38.889999,37.990002,38.23,15960100,38.23
EBAY,2018-04-30,38.290001,38.619999,37.650002,37.880001,10620400,37.880001
EBAY,2018-05-01,37.75,37.919998,37.419998,37.830002,7301900,37.830002
EBAY,2018-05-02,37.830002,37.990002,37.080002,37.18,11027800,37.18
EBAY,2018-05-03,37,37.759998,36.810001,37.639999,8942700,37.639999
EBAY,2018-05-04,37.330002,38.189999,37.209999,38,6359300,38
EBAY,2018-05-07,38.080002,38.25,37.610001,37.799999,6773700,37.799999
EBAY,2018-05-08,37.73,38.139999,37.48,38.099998,8953e3,38.099998
EBAY,2018-05-09,38.299999,38.84,38.18,38.23,9597500,38.23
EBAY,2018-05-10,38.389999,38.560001,38.09,38.5,7215500,38.5
EBAY,2018-05-11,38.380001,38.759998,38.110001,38.259998,7455900,38.259998
EBAY,2018-05-14,38.150002,38.669998,38.150002,38.389999,7462800,38.389999
EBAY,2018-05-15,38.119999,38.209999,37.689999,38.080002,6747200,38.080002
EBAY,2018-05-16,38,38.57,37.950001,38.349998,11002600,38.349998
EBAY,2018-05-17,38.23,38.84,38.23,38.400002,6370400,38.400002
EBAY,2018-05-18,38.299999,38.580002,38.16,38.32,6736600,38.32
EBAY,2018-05-21,38.490002,38.82,38.189999,38.290001,6599200,38.290001
EBAY,2018-05-22,38.400002,38.490002,37.689999,37.77,9142200,37.77
EBAY,2018-05-23,37.610001,38.060001,37.470001,38.040001,7235400,38.040001
EBAY,2018-05-24,38.029999,38.240002,37.630001,37.790001,6248700,37.790001
EBAY,2018-05-25,37.84,38.290001,37.799999,37.939999,8736600,37.939999
EBAY,2018-05-29,37.73,37.880001,37.360001,37.529999,8188400,37.529999
EBAY,2018-05-30,37.779999,38.119999,37.529999,37.849998,7908700,37.849998
EBAY,2018-05-31,37.779999,37.810001,37.18,37.720001,10710700,37.720001
EBAY,2018-06-01,38.060001,38.849998,37.91,38.34,7804400,38.34
EBAY,2018-06-04,38.470001,39.130001,38.389999,39.07,7950500,39.07
EBAY,2018-06-05,39.23,40.470001,39.220001,40.040001,11216100,40.040001
EBAY,2018-06-06,40.07,40.110001,39.299999,39.950001,6986700,39.950001
EBAY,2018-06-07,40.060001,40.860001,39.84,40.450001,11570700,40.450001
EBAY,2018-06-08,40.259998,40.41,39.91,40.290001,6067e3,40.290001
EBAY,2018-06-11,40.27,40.759998,40.080002,40.490002,5208900,40.490002
EBAY,2018-06-12,40.630001,40.75,40.299999,40.450001,8575100,40.450001
EBAY,2018-06-13,40.25,40.27,38.869999,39.330002,14044e3,39.330002
EBAY,2018-06-14,39.52,39.669998,38.950001,39,9353400,39
EBAY,2018-06-15,38.919998,39.009998,38.43,38.889999,12891600,38.889999
EBAY,2018-06-18,38.5,39.029999,38.34,38.860001,10077500,38.860001
EBAY,2018-06-19,38.32,39.299999,38.279999,39.18,7190200,39.18
EBAY,2018-06-20,39.48,39.540001,38.959999,39.259998,5750500,39.259998
EBAY,2018-06-21,39.220001,39.59,37.860001,38.009998,11587300,38.009998
EBAY,2018-06-22,38.07,38.27,37.650002,38.09,11808400,38.09
EBAY,2018-06-25,37.720001,37.75,36.779999,37.110001,13382600,37.110001
EBAY,2018-06-26,37.130001,37.369999,36.779999,37.07,12451300,37.07
EBAY,2018-06-27,37.02,37.299999,36.290001,36.299999,9898300,36.299999
EBAY,2018-06-28,36.18,36.369999,35.560001,36.139999,11381100,36.139999
EBAY,2018-06-29,36.279999,36.540001,36.130001,36.259998,6335800,36.259998
EBAY,2018-07-02,35.91,36.68,35.669998,36.669998,6144200,36.669998
EBAY,2018-07-03,36.889999,37.209999,36.610001,36.639999,3704e3,36.639999
EBAY,2018-07-05,36.799999,37.099998,36.5,37.029999,4653800,37.029999
EBAY,2018-07-06,37.200001,37.540001,36.75,37.389999,4188500,37.389999
EBAY,2018-07-09,37.540001,37.93,37.450001,37.91,4660700,37.91
EBAY,2018-07-10,37.080002,37.5,36.990002,37.040001,11250700,37.040001
EBAY,2018-07-11,36.93,37.43,36.779999,36.98,8442e3,36.98
EBAY,2018-07-12,37.459999,37.779999,37.200001,37.549999,9711500,37.549999
EBAY,2018-07-13,37.549999,37.669998,37.130001,37.610001,7785700,37.610001
EBAY,2018-07-16,37.66,38.060001,37.490002,37.73,11576800,37.73
EBAY,2018-07-17,37.43,38.150002,37.32,37.810001,9931200,37.810001
EBAY,2018-07-18,37.779999,38.34,37.619999,37.950001,15840300,37.950001
EBAY,2018-07-19,35.169998,35.650002,33.93,34.110001,50978e3,34.110001
EBAY,2018-07-20,34.419998,34.91,34.119999,34.200001,20035e3,34.200001
EBAY,2018-07-23,34.060001,34.150002,33.490002,33.790001,15380500,33.790001
EBAY,2018-07-24,34.02,34.060001,33.439999,33.52,10916700,33.52
EBAY,2018-07-25,33.419998,34.040001,33.389999,33.889999,12141500,33.889999
EBAY,2018-07-26,33.810001,34.639999,33.759998,34.43,9728300,34.43
EBAY,2018-07-27,34.630001,34.84,33.759998,33.810001,10161300,33.810001
EBAY,2018-07-30,33.720001,33.959999,33.41,33.669998,10093700,33.669998
EBAY,2018-07-31,33.77,33.959999,33.330002,33.450001,9976100,33.450001
EBAY,2018-08-01,33.349998,33.450001,32.849998,33.09,8981800,33.09
EBAY,2018-08-02,33,33.400002,32.860001,33.220001,7235700,33.220001
EBAY,2018-08-03,33.369999,33.720001,33.169998,33.66,7154100,33.66
EBAY,2018-08-06,33.66,34.189999,33.57,33.990002,8119e3,33.990002
EBAY,2018-08-07,34.110001,34.209999,33.720001,33.779999,5722300,33.779999
EBAY,2018-08-08,33.779999,33.950001,33.630001,33.84,5504300,33.84
EBAY,2018-08-09,33.860001,34.209999,33.759998,34.150002,8088200,34.150002
EBAY,2018-08-10,33.549999,34.459999,33.43,34.09,13198500,34.09
EBAY,2018-08-13,34.110001,34.450001,33.869999,33.880001,7984400,33.880001
EBAY,2018-08-14,33.91,34.73,33.849998,34.400002,9201e3,34.400002
EBAY,2018-08-15,34.049999,34.099998,33.599998,33.860001,12381500,33.860001
EBAY,2018-08-16,34.060001,34.169998,33.639999,33.77,8534500,33.77
EBAY,2018-08-17,33.82,34.259998,33.68,34.009998,6982400,34.009998
EBAY,2018-08-20,34.200001,34.34,33.93,34.02,7843900,34.02
EBAY,2018-08-21,34.060001,34.869999,34.029999,34.529999,9788800,34.529999
EBAY,2018-08-22,34.41,34.790001,34.150002,34.700001,7463100,34.700001
EBAY,2018-08-23,34.779999,34.889999,34.240002,34.400002,7989400,34.400002
EBAY,2018-08-24,34.560001,34.880001,34.459999,34.529999,5412500,34.529999
EBAY,2018-08-27,34.619999,34.790001,34.52,34.580002,7464800,34.580002
EBAY,2018-08-28,34.740002,34.790001,34.459999,34.740002,5877600,34.740002
EBAY,2018-08-29,34.779999,35.290001,34.75,34.93,5934400,34.93
EBAY,2018-08-30,34.84,34.990002,34.619999,34.799999,4985500,34.799999
EBAY,2018-08-31,34.720001,35.060001,34.560001,34.610001,7944100,34.610001
EBAY,2018-09-04,34.400002,34.91,34.360001,34.799999,6743300,34.799999
EBAY,2018-09-05,34.639999,34.689999,34,34.130001,8820700,34.130001
EBAY,2018-09-06,34.080002,34.32,33.279999,33.66,9240100,33.66
EBAY,2018-09-07,33.400002,34.02,33.139999,33.990002,6445200,33.990002
EBAY,2018-09-10,34.139999,34.200001,33.59,33.709999,7787600,33.709999
EBAY,2018-09-11,33.810001,34.209999,33.580002,34.110001,4970600,34.110001
EBAY,2018-09-12,33.98,34.419998,33.75,34.259998,6035900,34.259998
EBAY,2018-09-13,34.43,34.849998,34.299999,34.439999,6716800,34.439999
EBAY,2018-09-14,34.5,34.549999,33.959999,34.099998,5376400,34.099998
EBAY,2018-09-17,34.029999,34.389999,34.02,34.200001,6722700,34.200001
EBAY,2018-09-18,34.209999,34.540001,34.09,34.119999,8724500,34.119999
EBAY,2018-09-19,34.009998,34.369999,34.009998,34.220001,13455600,34.220001
EBAY,2018-09-20,34.279999,34.310001,33.830002,34.240002,15877e3,34.240002
EBAY,2018-09-21,34.32,34.459999,33.950001,34.040001,24875e3,34.040001
EBAY,2018-09-24,33.830002,33.950001,33.630001,33.720001,8746500,33.720001
EBAY,2018-09-25,33.57,33.720001,32.599998,32.759998,20479e3,32.759998
EBAY,2018-09-26,32.709999,34.099998,32.709999,33.580002,14007e3,33.580002
EBAY,2018-09-27,33.57,33.740002,33.150002,33.34,7374800,33.34
EBAY,2018-09-28,33.209999,33.34,32.73,33.02,8467200,33.02
EBAY,2018-10-01,33.099998,33.150002,32.459999,32.509998,11990700,32.509998
EBAY,2018-10-02,32.5,32.779999,32.34,32.560001,10174300,32.560001
EBAY,2018-10-03,32.77,33.130001,32.709999,32.75,11075500,32.75
EBAY,2018-10-04,32.66,32.93,32.380001,32.630001,12293e3,32.630001
EBAY,2018-10-05,32.650002,32.73,32.099998,32.240002,9361100,32.240002
EBAY,2018-10-08,32.169998,33.049999,32.099998,32.580002,8036100,32.580002
EBAY,2018-10-09,32.560001,34.599998,32.290001,33.279999,27415e3,33.279999
EBAY,2018-10-10,33.09,33.18,31.66,31.67,14292200,31.67
EBAY,2018-10-11,31.780001,31.799999,30.76,31.4,14477800,31.4
EBAY,2018-10-12,31.92,31.92,31.15,31.719999,7910500,31.719999
EBAY,2018-10-15,31.540001,32.150002,31.41,31.860001,5036400,31.860001
EBAY,2018-10-16,31.719999,32.34,31.709999,32.25,7111500,32.25
EBAY,2018-10-17,32.23,32.389999,31.5,32.02,10845300,32.02
EBAY,2018-10-18,31.889999,31.99,31.299999,31.549999,8705300,31.549999
EBAY,2018-10-19,29.469999,29.58,28.370001,28.75,39779400,28.75
EBAY,2018-10-22,28.469999,28.91,28.09,28.49,17677200,28.49
EBAY,2018-10-23,27.75,28.360001,27.610001,28.190001,12577500,28.190001
EBAY,2018-10-24,28.110001,28.379999,27.24,27.290001,16309300,27.290001
EBAY,2018-10-25,27.66,28.299999,27.549999,28.059999,12239600,28.059999
EBAY,2018-10-26,27.24,27.92,26.959999,27.34,16691700,27.34
EBAY,2018-10-29,27.719999,27.799999,26.360001,26.82,18291800,26.82
EBAY,2018-10-30,26.9,27.67,26.780001,27.42,19994400,27.42
EBAY,2018-10-31,29.299999,29.49,27.77,29.030001,28518100,29.030001
EBAY,2018-11-01,29.08,30,29,29.52,18717300,29.52
EBAY,2018-11-02,29.52,30.08,29.309999,29.870001,16427500,29.870001
EBAY,2018-11-05,29.91,30.059999,29.33,29.639999,10724200,29.639999
EBAY,2018-11-06,29.59,30.26,29.459999,29.950001,12821600,29.950001
EBAY,2018-11-07,30.09,30.18,29.59,29.860001,18347500,29.860001
EBAY,2018-11-08,29.74,29.969999,29.52,29.84,10837900,29.84
EBAY,2018-11-09,29.620001,29.950001,29.58,29.629999,8713100,29.629999
EBAY,2018-11-12,29.58,29.700001,28.91,28.959999,10966400,28.959999
EBAY,2018-11-13,28.799999,28.799999,27.790001,28.1,17743900,28.1
EBAY,2018-11-14,28.200001,28.34,27.870001,27.889999,12131e3,27.889999
MSFT,2017-11-15,83.470001,83.690002,82.690002,82.980003,19383100,81.567955
MSFT,2017-11-16,83.099998,83.419998,82.940002,83.199997,20962800,81.78421
MSFT,2017-11-17,83.120003,83.120003,82.239998,82.400002,22079e3,80.997826
MSFT,2017-11-20,82.400002,82.589996,82.25,82.529999,16315e3,81.12561
MSFT,2017-11-21,82.739998,83.839996,82.739998,83.720001,21237500,82.295364
MSFT,2017-11-22,83.830002,83.900002,83.040001,83.110001,20553100,81.695747
MSFT,2017-11-24,83.010002,83.43,82.779999,83.260002,7425600,81.843193
MSFT,2017-11-27,83.309998,83.980003,83.300003,83.870003,18265200,82.442818
MSFT,2017-11-28,84.07,85.059998,84.019997,84.879997,21926e3,83.435616
MSFT,2017-11-29,84.709999,84.919998,83.18,83.339996,27381100,81.921829
MSFT,2017-11-30,83.510002,84.519997,83.339996,84.169998,33054600,82.737709
MSFT,2017-12-01,83.599998,84.809998,83.220001,84.260002,29532100,82.826172
MSFT,2017-12-04,84.419998,84.43,80.699997,81.080002,39094900,79.700279
MSFT,2017-12-05,81.339996,82.68,80.980003,81.589996,26152300,80.201599
MSFT,2017-12-06,81.550003,83.139999,81.43,82.779999,26162100,81.371353
MSFT,2017-12-07,82.540001,82.800003,82,82.489998,23184500,81.086288
MSFT,2017-12-08,83.629997,84.580002,83.330002,84.160004,24489100,82.727882
MSFT,2017-12-11,84.290001,85.370003,84.120003,85.230003,22857900,83.779671
MSFT,2017-12-12,85.309998,86.050003,85.080002,85.580002,23924100,84.123711
MSFT,2017-12-13,85.739998,86,85.169998,85.349998,22062700,83.897629
MSFT,2017-12-14,85.43,85.870003,84.529999,84.690002,19306e3,83.248863
MSFT,2017-12-15,85.260002,87.089996,84.879997,86.849998,53936700,85.372101
MSFT,2017-12-18,87.120003,87.5,86.230003,86.379997,22283800,84.910088
MSFT,2017-12-19,86.349998,86.349998,85.269997,85.830002,23524800,84.369461
MSFT,2017-12-20,86.199997,86.300003,84.709999,85.519997,23674900,84.06472
MSFT,2017-12-21,86.050003,86.099998,85.400002,85.5,17990700,84.045067
MSFT,2017-12-22,85.400002,85.629997,84.919998,85.510002,14145800,84.054901
MSFT,2017-12-26,85.309998,85.529999,85.029999,85.400002,9891200,83.94677
MSFT,2017-12-27,85.650002,85.980003,85.220001,85.709999,14678e3,84.251495
MSFT,2017-12-28,85.900002,85.93,85.550003,85.720001,10594300,84.26133
MSFT,2017-12-29,85.629997,86.050003,85.5,85.540001,18717400,84.084389
MSFT,2018-01-02,86.129997,86.309998,85.5,85.949997,22483800,84.487411
MSFT,2018-01-03,86.059998,86.510002,85.970001,86.349998,26061400,84.880608
MSFT,2018-01-04,86.589996,87.660004,86.57,87.110001,21912e3,85.627678
MSFT,2018-01-05,87.660004,88.410004,87.43,88.190002,23407100,86.689301
MSFT,2018-01-08,88.199997,88.580002,87.599998,88.279999,22113e3,86.777763
MSFT,2018-01-09,88.650002,88.730003,87.860001,88.220001,19484300,86.718788
MSFT,2018-01-10,87.860001,88.190002,87.410004,87.82,18652200,86.325592
MSFT,2018-01-11,88.129997,88.129997,87.239998,88.080002,17808900,86.581169
MSFT,2018-01-12,88.669998,89.779999,88.449997,89.599998,24271500,88.07531
MSFT,2018-01-16,90.099998,90.790001,88.010002,88.349998,36599700,86.846573
MSFT,2018-01-17,89.080002,90.279999,88.75,90.139999,25602600,88.606117
MSFT,2018-01-18,89.800003,90.669998,89.660004,90.099998,24159700,88.566795
MSFT,2018-01-19,90.139999,90.610001,89.660004,90,36875e3,88.468498
MSFT,2018-01-22,90,91.620003,89.739998,91.610001,23601600,90.051102
MSFT,2018-01-23,91.900002,92.300003,91.540001,91.900002,23412800,90.336159
MSFT,2018-01-24,92.550003,93.43,91.580002,91.82,33277500,90.25753
MSFT,2018-01-25,92.470001,93.239998,91.93,92.330002,26383200,90.75885
MSFT,2018-01-26,93.120003,94.059998,92.580002,94.059998,29172200,92.459412
MSFT,2018-01-29,95.139999,95.449997,93.720001,93.919998,31569900,92.321793
MSFT,2018-01-30,93.300003,93.660004,92.099998,92.739998,38635100,91.161865
MSFT,2018-01-31,93.75,95.400002,93.510002,95.010002,48756300,93.393242
MSFT,2018-02-01,94.790001,96.07,93.580002,94.260002,47227900,92.656006
MSFT,2018-02-02,93.639999,93.970001,91.5,91.779999,47867800,90.218201
MSFT,2018-02-05,90.559998,93.239998,88,88,51031500,86.502533
MSFT,2018-02-06,86.889999,91.480003,85.25,91.330002,67998600,89.775864
MSFT,2018-02-07,90.489998,91.769997,89.199997,89.610001,41107600,88.085136
MSFT,2018-02-08,89.709999,89.879997,84.760002,85.010002,55628700,83.563408
MSFT,2018-02-09,86.300003,88.93,83.830002,88.18,63499100,86.679474
MSFT,2018-02-12,88.739998,89.779999,87.93,89.129997,35720300,87.613297
MSFT,2018-02-13,88.93,90,87.800003,89.830002,26407700,88.301384
MSFT,2018-02-14,88.510002,90.989998,88.410004,90.809998,34960900,89.684029
MSFT,2018-02-15,91.209999,92.720001,90.620003,92.660004,27823900,91.511101
MSFT,2018-02-16,92.449997,93.5,91.800003,92,30596900,90.859276
MSFT,2018-02-20,91.480003,93.059998,91.010002,92.720001,30911700,91.570351
MSFT,2018-02-21,92.980003,93.360001,91.489998,91.489998,26922500,90.355598
MSFT,2018-02-22,92.050003,92.730003,91.360001,91.730003,24392800,90.592628
MSFT,2018-02-23,93.599998,94.07,92.360001,94.059998,26329200,92.893738
MSFT,2018-02-26,94.400002,95.449997,94.25,95.419998,30199800,94.236862
MSFT,2018-02-27,95.739998,95.839996,94.199997,94.199997,25869100,93.031998
MSFT,2018-02-28,94.839996,95.709999,93.629997,93.769997,31167300,92.60733
MSFT,2018-03-01,93.989998,94.57,91.839996,92.849998,37135600,91.69873
MSFT,2018-03-02,91.580002,93.150002,90.860001,93.050003,32830400,91.896263
MSFT,2018-03-05,92.339996,94.269997,92.260002,93.639999,23901600,92.478943
MSFT,2018-03-06,94.339996,94.489998,92.940002,93.32,22175800,92.16291
MSFT,2018-03-07,93.160004,93.940002,92.43,93.860001,26716100,92.69622
MSFT,2018-03-08,94.269997,95.099998,93.769997,94.43,25887800,93.259148
MSFT,2018-03-09,95.290001,96.540001,95,96.540001,36937300,95.342987
MSFT,2018-03-12,96.5,97.209999,96.040001,96.769997,26073700,95.570129
MSFT,2018-03-13,97,97.239998,93.970001,94.410004,35387800,93.239403
MSFT,2018-03-14,95.120003,95.410004,93.5,93.849998,32132e3,92.686333
MSFT,2018-03-15,93.529999,94.580002,92.830002,94.18,27611e3,93.012253
MSFT,2018-03-16,94.68,95.379997,93.919998,94.599998,49081300,93.42704
MSFT,2018-03-19,93.739998,93.900002,92.110001,92.889999,33344100,91.738235
MSFT,2018-03-20,93.050003,93.769997,93,93.129997,23075200,91.975266
MSFT,2018-03-21,92.93,94.050003,92.209999,92.480003,24457100,91.333321
MSFT,2018-03-22,91.269997,91.75,89.660004,89.790001,38604700,88.676682
MSFT,2018-03-23,89.5,90.459999,87.080002,87.18,44068900,86.099037
MSFT,2018-03-26,90.610001,94,90.400002,93.779999,56396800,92.617203
MSFT,2018-03-27,94.940002,95.139999,88.510002,89.470001,56569e3,88.360649
MSFT,2018-03-28,89.82,91.230003,88.870003,89.389999,52501100,88.281631
MSFT,2018-03-29,90.18,92.290001,88.400002,91.269997,45867500,90.138329
MSFT,2018-04-02,90.470001,90.879997,87.510002,88.519997,48515400,87.422417
MSFT,2018-04-03,89.580002,90.050003,87.889999,89.709999,37213800,88.597664
MSFT,2018-04-04,87.849998,92.760002,87.730003,92.330002,3556e4,91.185181
MSFT,2018-04-05,92.440002,93.07,91.400002,92.379997,29771900,91.234558
MSFT,2018-04-06,91.489998,92.459999,89.480003,90.230003,38026e3,89.111229
MSFT,2018-04-09,91.040001,93.169998,90.620003,90.769997,31533900,89.644531
MSFT,2018-04-10,92.389999,93.279999,91.639999,92.879997,26812e3,91.728363
MSFT,2018-04-11,92.010002,93.290001,91.480003,91.860001,24872100,90.721008
MSFT,2018-04-12,92.43,94.160004,92.43,93.580002,26758900,92.419685
MSFT,2018-04-13,94.050003,94.18,92.440002,93.080002,23346100,91.925888
MSFT,2018-04-16,94.07,94.660004,93.419998,94.169998,20288100,93.002365
MSFT,2018-04-17,95,96.540001,94.879997,96.07,26771e3,94.878815
MSFT,2018-04-18,96.220001,96.720001,95.519997,96.440002,21043300,95.244225
MSFT,2018-04-19,96.440002,97.07,95.339996,96.110001,23552500,94.918312
MSFT,2018-04-20,95.910004,96.110001,94.050003,95,31154400,93.822075
MSFT,2018-04-23,95.739998,96.290001,94.629997,95.349998,22331800,94.167732
MSFT,2018-04-24,96.239998,96.470001,92.410004,93.120003,34524800,91.965385
MSFT,2018-04-25,93.300003,93.300003,90.279999,92.309998,33729300,91.165428
MSFT,2018-04-26,93.550003,95.150002,93.099998,94.260002,42529e3,93.091263
MSFT,2018-04-27,97.599998,97.900002,93.910004,95.82,48272800,94.631912
MSFT,2018-04-30,96.330002,96.400002,93.150002,93.519997,41523600,92.360428
MSFT,2018-05-01,93.209999,95.290001,92.790001,95,31408900,93.822075
MSFT,2018-05-02,94.989998,95.169998,93.190002,93.510002,27471e3,92.350555
MSFT,2018-05-03,92.959999,94.93,92.449997,94.07,31142500,92.90361
MSFT,2018-05-04,93.32,95.370003,92.919998,95.160004,22531300,93.980095
MSFT,2018-05-07,95.169998,96.709999,95.099998,96.220001,24242e3,95.026955
MSFT,2018-05-08,95.849998,96.160004,95.059998,95.809998,23484600,94.622032
MSFT,2018-05-09,96.010002,96.970001,95.050003,96.940002,27327400,95.738029
MSFT,2018-05-10,97.459999,97.949997,97.050003,97.910004,22388100,96.696007
MSFT,2018-05-11,97.800003,97.870003,97.040001,97.699997,16778300,96.488602
MSFT,2018-05-14,97.919998,98.690002,97.309998,98.029999,19454100,96.814514
MSFT,2018-05-15,97.239998,97.849998,96.339996,97.32,24594e3,96.113319
MSFT,2018-05-16,97.360001,97.400002,96.620003,97.150002,17384700,96.361282
MSFT,2018-05-17,96.760002,97.540001,95.830002,96.18,17246700,95.399162
MSFT,2018-05-18,96.010002,96.93,96.010002,96.360001,17865800,95.577698
MSFT,2018-05-21,97,98.010002,96.800003,97.599998,19422500,96.807632
MSFT,2018-05-22,97.68,98.169998,97.199997,97.5,15441200,96.708443
MSFT,2018-05-23,96.709999,98.730003,96.32,98.660004,21114800,97.859024
MSFT,2018-05-24,98.730003,98.940002,96.809998,98.309998,21540800,97.511864
MSFT,2018-05-25,98.300003,98.980003,97.860001,98.360001,18363900,97.561462
MSFT,2018-05-29,97.839996,98.879997,97.230003,98.010002,28338e3,97.214302
MSFT,2018-05-30,98.309998,99.25,97.910004,98.949997,22158500,98.146667
MSFT,2018-05-31,99.290001,99.989998,98.610001,98.839996,34140900,98.03756
MSFT,2018-06-01,99.279999,100.860001,99.169998,100.790001,28126200,99.971733
MSFT,2018-06-04,101.260002,101.860001,100.849998,101.669998,27166800,100.844589
MSFT,2018-06-05,102,102.330002,101.529999,102.190002,23514400,101.360374
MSFT,2018-06-06,102.480003,102.599998,101.900002,102.489998,21122900,101.657928
MSFT,2018-06-07,102.650002,102.690002,100.379997,100.879997,28232200,100.060997
MSFT,2018-06-08,101.089996,101.949997,100.540001,101.629997,22165100,100.804909
MSFT,2018-06-11,101.010002,101.589996,100.669998,101.050003,23490900,100.22963
MSFT,2018-06-12,101.099998,101.449997,100.75,101.309998,18325200,100.487511
MSFT,2018-06-13,101.720001,102.010002,100.559998,100.849998,29492900,100.031242
MSFT,2018-06-14,101.650002,102.029999,101,101.419998,25691800,100.596619
MSFT,2018-06-15,101.510002,101.529999,100.07,100.129997,65738600,99.317093
MSFT,2018-06-18,100.010002,101.110001,99.419998,100.860001,23586e3,100.041168
MSFT,2018-06-19,99.650002,101,99.5,100.860001,28653100,100.041168
MSFT,2018-06-20,101.370003,102.519997,101.120003,101.870003,26180800,101.042969
MSFT,2018-06-21,102.080002,102.459999,100.879997,101.139999,23198200,100.318886
MSFT,2018-06-22,100.410004,100.769997,99.629997,100.410004,38923100,99.594818
MSFT,2018-06-25,100,100.110001,97.300003,98.389999,35433300,97.591217
MSFT,2018-06-26,98.82,100.080002,98.75,99.080002,26897200,98.275612
MSFT,2018-06-27,99.580002,100.019997,97.400002,97.540001,31298400,96.748116
MSFT,2018-06-28,97.379997,99.110001,97.260002,98.629997,26650700,97.829269
MSFT,2018-06-29,98.93,99.910004,98.330002,98.610001,28053200,97.809433
MSFT,2018-07-02,98.099998,100.059998,98,100.010002,19564500,99.198067
MSFT,2018-07-03,100.480003,100.629997,98.940002,99.050003,14670300,98.245857
MSFT,2018-07-05,99.5,99.919998,99.029999,99.760002,18977400,98.950096
MSFT,2018-07-06,99.889999,101.43,99.669998,101.160004,19234600,100.33873
MSFT,2018-07-09,101.650002,102.25,101.25,101.849998,18212e3,101.023132
MSFT,2018-07-10,102,102.510002,101.860001,102.120003,19293100,101.290939
MSFT,2018-07-11,101.150002,102.339996,101.099998,101.980003,19644600,101.152077
MSFT,2018-07-12,102.769997,104.410004,102.730003,104.190002,24335900,103.344131
MSFT,2018-07-13,104.370003,105.599998,104.089996,105.43,24635200,104.574066
MSFT,2018-07-16,105.400002,105.82,104.519997,104.910004,21786900,104.058289
MSFT,2018-07-17,104.610001,106.5,104.32,105.949997,25901700,105.089836
MSFT,2018-07-18,105.940002,106.050003,104.720001,105.120003,29493900,104.266579
MSFT,2018-07-19,104.93,105.309998,103.889999,104.400002,40171600,103.55242200000001
MSFT,2018-07-20,108.080002,108.199997,106.080002,106.269997,56004e3,105.407242
MSFT,2018-07-23,106.300003,108.139999,106.129997,107.970001,29707e3,107.093437
MSFT,2018-07-24,108.57,108.82,107.260002,107.660004,26316600,106.785957
MSFT,2018-07-25,107.959999,111.150002,107.599998,110.830002,30702100,109.930222
MSFT,2018-07-26,110.739998,111,109.5,109.620003,31372100,108.730049
MSFT,2018-07-27,110.18,110.18,106.139999,107.68,37005300,106.805794
MSFT,2018-07-30,107.190002,107.529999,104.760002,105.370003,34668300,104.514557
MSFT,2018-07-31,106.489998,106.720001,105.379997,106.080002,27655200,105.218788
MSFT,2018-08-01,106.029999,106.449997,105.419998,106.279999,23628700,105.417168
MSFT,2018-08-02,105.400002,108.089996,104.839996,107.57,26104300,106.696686
MSFT,2018-08-03,107.800003,108.050003,106.82,108.040001,18659600,107.162872
MSFT,2018-08-06,108.120003,108.419998,107.559998,108.129997,20265900,107.252144
MSFT,2018-08-07,108.559998,109.099998,108.169998,108.879997,16080200,107.996048
MSFT,2018-08-08,109.330002,109.75,108.760002,109.489998,15487500,108.601105
MSFT,2018-08-09,109.709999,110.160004,109.599998,109.669998,13660400,108.77964
MSFT,2018-08-10,109.419998,109.690002,108.379997,109,18183700,108.115082
MSFT,2018-08-13,109.239998,109.580002,108.099998,108.209999,18472500,107.331497
MSFT,2018-08-14,108.559998,109.75,108.040001,109.559998,16788300,108.670532
MSFT,2018-08-15,108.489998,108.989998,106.82,107.660004,29982800,107.196907
MSFT,2018-08-16,108.300003,108.860001,107.300003,107.639999,21384300,107.176987
MSFT,2018-08-17,107.360001,107.900002,106.690002,107.580002,18061500,107.117249
MSFT,2018-08-20,107.510002,107.900002,106.480003,106.870003,17914200,106.410301
MSFT,2018-08-21,106.919998,107.349998,105.849998,105.980003,22881900,105.524132
MSFT,2018-08-22,105.849998,107.339996,105.779999,107.059998,18000600,106.59948
MSFT,2018-08-23,107.150002,108.18,106.870003,107.559998,18167700,107.097328
MSFT,2018-08-24,107.669998,108.559998,107.559998,108.400002,17234e3,107.933723
MSFT,2018-08-27,109.269997,109.639999,108.510002,109.599998,19662300,109.128555
MSFT,2018-08-28,109.940002,110.5,109.790001,110.260002,19151500,109.785721
MSFT,2018-08-29,110.449997,112.029999,110.269997,112.019997,20818e3,111.538147
MSFT,2018-08-30,111.669998,112.610001,111.440002,111.949997,22798700,111.468445
MSFT,2018-08-31,111.690002,112.779999,111.519997,112.330002,23222700,111.846817
MSFT,2018-09-04,110.849998,111.959999,110.220001,111.709999,22634600,111.229477
MSFT,2018-09-05,111.010002,111.419998,108.099998,108.489998,32872400,108.023331
MSFT,2018-09-06,108.25,108.989998,107.510002,108.739998,23477600,108.272255
MSFT,2018-09-07,108.230003,108.720001,107.230003,108.209999,22498600,107.744537
MSFT,2018-09-10,108.839996,109.639999,108.360001,109.379997,20727900,108.9095
MSFT,2018-09-11,108.900002,111.589996,108.889999,111.239998,24301800,110.761497
MSFT,2018-09-12,111.43,111.849998,110.510002,111.709999,18891100,111.229477
MSFT,2018-09-13,112.120003,113.730003,112.120003,112.910004,26055600,112.424324
MSFT,2018-09-14,113.360001,113.730003,112.440002,113.370003,19122300,112.882339
MSFT,2018-09-17,113.690002,113.699997,111.860001,112.139999,20736500,111.657631
MSFT,2018-09-18,112.190002,113.699997,111.720001,113.209999,22170900,112.72303
MSFT,2018-09-19,113.050003,113.32,111.040001,111.699997,21728400,111.219521
MSFT,2018-09-20,112.279999,113.800003,111.93,113.57,23714500,113.081482
MSFT,2018-09-21,114,115.290001,113.510002,114.260002,71229700,113.768517
MSFT,2018-09-24,113.029999,114.900002,112.220001,114.669998,27334500,114.17675
MSFT,2018-09-25,114.800003,115.099998,113.75,114.449997,22668e3,113.957695
MSFT,2018-09-26,114.470001,115.059998,113.739998,113.980003,19352e3,113.489723
MSFT,2018-09-27,114.779999,114.910004,114.199997,114.410004,19091300,113.91787
MSFT,2018-09-28,114.190002,114.57,113.68,114.370003,21647800,113.878044
MSFT,2018-10-01,114.75,115.68,114.730003,115.610001,18883100,115.112709
MSFT,2018-10-02,115.300003,115.839996,114.440002,115.150002,20787200,114.654686
MSFT,2018-10-03,115.419998,116.18,114.93,115.169998,16648e3,114.674599
MSFT,2018-10-04,114.610001,114.760002,111.629997,112.790001,34821700,112.304832
MSFT,2018-10-05,112.629997,113.169998,110.639999,112.129997,29068900,111.647675
MSFT,2018-10-08,111.660004,112.029999,109.339996,110.849998,29640600,110.373177
MSFT,2018-10-09,111.139999,113.080002,110.800003,112.260002,26198600,111.777115
MSFT,2018-10-10,111.239998,111.5,105.790001,106.160004,61376300,105.703354
MSFT,2018-10-11,105.349998,108.93,104.199997,105.910004,63904300,105.45443
MSFT,2018-10-12,109.010002,111.239998,107.120003,109.57,47742100,109.098686
MSFT,2018-10-15,108.910004,109.480003,106.949997,107.599998,32068100,107.137161
MSFT,2018-10-16,109.540001,111.410004,108.949997,111,31610200,110.522537
MSFT,2018-10-17,111.68,111.809998,109.550003,110.709999,26548200,110.23378
MSFT,2018-10-18,110.099998,110.529999,107.830002,108.5,32506200,108.033287
MSFT,2018-10-19,108.93,110.860001,108.209999,108.660004,32785500,108.192604
MSFT,2018-10-22,109.32,110.540001,108.239998,109.629997,26545600,109.158424
MSFT,2018-10-23,107.769997,108.970001,105.110001,108.099998,43770400,107.63501
MSFT,2018-10-24,108.410004,108.489998,101.589996,102.32,63897800,101.879875
MSFT,2018-10-25,106.550003,109.269997,106.150002,108.300003,61646800,107.834152
MSFT,2018-10-26,105.690002,108.75,104.760002,106.959999,55523100,106.499908
MSFT,2018-10-29,108.110001,108.699997,101.629997,103.849998,55162e3,103.40329
MSFT,2018-10-30,103.660004,104.379997,100.110001,103.730003,65350900,103.283813
MSFT,2018-10-31,105.440002,108.139999,105.389999,106.809998,51062400,106.350555
MSFT,2018-11-01,107.050003,107.32,105.529999,105.919998,33384200,105.464386
MSFT,2018-11-02,106.480003,107.32,104.980003,106.160004,37680200,105.703354
MSFT,2018-11-05,106.370003,107.739998,105.900002,107.510002,27922100,107.047546
MSFT,2018-11-06,107.379997,108.839996,106.279999,107.720001,24340200,107.256645
MSFT,2018-11-07,109.440002,112.239998,109.400002,111.959999,37901700,111.478401
MSFT,2018-11-08,111.800003,112.209999,110.910004,111.75,25644100,111.26931
MSFT,2018-11-09,110.849998,111.449997,108.760002,109.57,32039200,109.098686
MSFT,2018-11-12,109.419998,109.959999,106.099998,106.870003,33621800,106.410301
MSFT,2018-11-13,107.550003,108.739998,106.639999,106.940002,35374600,106.480003
MSFT,2018-11-14,108.099998,108.260002,104.470001,104.970001,39476800,104.970001
ORCL,2017-11-15,48.880001,49.080002,48.73,48.82,9425100,48.047436
ORCL,2017-11-16,49.110001,49.619999,49.009998,49.200001,11738500,48.421421
ORCL,2017-11-17,49,49.23,48.849998,48.939999,10035100,48.165531
ORCL,2017-11-20,49.040001,49.16,48.919998,49.02,11525100,48.244274
ORCL,2017-11-21,49,49.099998,48.5,48.630001,18313300,47.860439
ORCL,2017-11-22,48.560001,48.830002,48.419998,48.580002,10618900,47.81123
ORCL,2017-11-24,48.880001,49.130001,48.689999,49.009998,6008300,48.234428
ORCL,2017-11-27,48.939999,49.220001,48.75,48.880001,13395600,48.106483
ORCL,2017-11-28,48.880001,49.200001,48.849998,49.009998,13930600,48.234428
ORCL,2017-11-29,48.849998,48.860001,48.200001,48.52,14377600,47.752182
ORCL,2017-11-30,48.889999,49.330002,48.889999,49.060001,24701100,48.283638
ORCL,2017-12-01,49.049999,50,48.900002,49.610001,15899500,48.824932
ORCL,2017-12-04,49.82,49.82,48.360001,48.400002,13473900,47.634083
ORCL,2017-12-05,48.439999,48.650002,47.970001,47.990002,17858900,47.230572
ORCL,2017-12-06,48.259998,48.59,47.630001,48.419998,12974500,47.653763
ORCL,2017-12-07,48.619999,48.810001,48.299999,48.52,13482800,47.752182
ORCL,2017-12-08,48.900002,49.689999,48.700001,49.599998,14732300,48.815086
ORCL,2017-12-11,49.610001,50.5,49.560001,50.470001,15852800,49.671326
ORCL,2017-12-12,50,50.709999,49.950001,50.389999,17464e3,49.59259
ORCL,2017-12-13,50.330002,50.509998,50.009998,50.049999,17196900,49.257969
ORCL,2017-12-14,50.139999,50.400002,49.939999,50.189999,22259300,49.395748
ORCL,2017-12-15,48.48,48.48,47,48.299999,75176e3,47.535664
ORCL,2017-12-18,48.43,48.849998,47.68,47.709999,25156800,46.955002
ORCL,2017-12-19,47.959999,48.349998,47.740002,47.82,28664300,47.063259
ORCL,2017-12-20,47.880001,48.049999,47.790001,47.900002,11432200,47.141991
ORCL,2017-12-21,48.110001,48.110001,47.23,47.279999,18396800,46.531799
ORCL,2017-12-22,47.169998,47.400002,47.099998,47.360001,11197300,46.610538
ORCL,2017-12-26,47.369999,47.580002,47.25,47.43,7650200,46.679424
ORCL,2017-12-27,47.25,47.470001,47.150002,47.380001,8132200,46.630219
ORCL,2017-12-28,47.299999,47.549999,47.299999,47.52,7777600,46.768009
ORCL,2017-12-29,47.529999,47.880001,47.279999,47.279999,975e4,46.531799
ORCL,2018-01-02,47.57,47.799999,46.169998,46.630001,2538e4,45.892086
ORCL,2018-01-03,47.529999,48.07,47.439999,47.709999,24165e3,46.955002
ORCL,2018-01-04,47.990002,48.189999,47.720001,48.18,19815100,47.417561
ORCL,2018-01-05,48.419998,48.630001,48.279999,48.470001,14496400,47.702972
ORCL,2018-01-08,48.299999,49.07,47.939999,48.98,15075e3,48.204899
ORCL,2018-01-09,49.25,49.360001,48.919998,49.060001,14153700,48.471668
ORCL,2018-01-10,48.860001,49.27,48.580002,48.799999,13476600,48.214783
ORCL,2018-01-11,48.869999,49.02,48.439999,48.950001,11687800,48.36298
ORCL,2018-01-12,49.18,49.830002,49.060001,49.509998,15978200,48.916264
ORCL,2018-01-16,49.849998,50.060001,49.439999,49.59,17152600,48.995308
ORCL,2018-01-17,49.91,50.290001,49.849998,50.27,23115200,49.667156
ORCL,2018-01-18,50.189999,50.68,50.099998,50.23,17119200,49.627632
ORCL,2018-01-19,50.5,50.599998,50.27,50.580002,14011500,49.973438
ORCL,2018-01-22,50.43,50.740002,50.27,50.709999,1684e4,50.101875
ORCL,2018-01-23,50.75,51.27,50.57,51.119999,14141400,50.506962
ORCL,2018-01-24,51.360001,52,51.209999,51.450001,17205600,50.833
ORCL,2018-01-25,51.540001,52.049999,51.540001,51.599998,13904300,50.981201
ORCL,2018-01-26,51.860001,52.75,51.759998,52.75,14909200,52.117413
ORCL,2018-01-29,52.669998,52.790001,51.880001,51.939999,12234900,51.317123
ORCL,2018-01-30,51.740002,51.990002,50.75,50.959999,16863500,50.348877
ORCL,2018-01-31,50.860001,51.849998,50.860001,51.59,16806800,50.971321
ORCL,2018-02-01,51.360001,51.98,51.259998,51.630001,11674100,51.010845
ORCL,2018-02-02,51.25,51.41,50.040001,50.130001,17562200,49.528831
ORCL,2018-02-05,50.040001,50.700001,48.060001,48.09,19725800,47.513294
ORCL,2018-02-06,47.330002,49.509998,46.810001,49.400002,25921200,48.807587
ORCL,2018-02-07,49.200001,49.849998,48.82,48.869999,15138e3,48.283943
ORCL,2018-02-08,49.09,49.119999,46.810001,46.84,21255400,46.278286
ORCL,2018-02-09,47.580002,48.150002,45.919998,47.73,23191e3,47.157612
ORCL,2018-02-12,48.220001,48.490002,47.720001,48.150002,16261600,47.572578
ORCL,2018-02-13,48.009998,48.68,47.77,48.490002,12633100,47.908501
ORCL,2018-02-14,48.189999,49.52,48.139999,49.450001,14271400,48.856987
ORCL,2018-02-15,49.700001,50.689999,49.43,50.639999,14132500,50.032715
ORCL,2018-02-16,50.549999,51.139999,50.490002,50.709999,11098800,50.101875
ORCL,2018-02-20,50.200001,50.310001,49.66,49.889999,14144900,49.291706
ORCL,2018-02-21,49.869999,50.34,49.43,49.43,13050800,48.837227
ORCL,2018-02-22,49.59,50.060001,49.41,49.59,9513200,48.995308
ORCL,2018-02-23,49.790001,50.57,49.619999,50.5,8866800,49.894394
ORCL,2018-02-26,50.59,51.259998,50.5,51.169998,12956e3,50.556358
ORCL,2018-02-27,51.07,51.400002,50.540001,50.73,14339600,50.121632
ORCL,2018-02-28,51.060001,51.5,50.669998,50.669998,14947900,50.062355
ORCL,2018-03-01,50.959999,50.959999,49.419998,49.709999,16539800,49.113869
ORCL,2018-03-02,49.330002,50.400002,49.16,50.32,17291e3,49.716557
ORCL,2018-03-05,49.900002,51.490002,49.849998,51.290001,18771500,50.674919
ORCL,2018-03-06,51.560001,51.790001,51.220001,51.5,13907100,50.882401
ORCL,2018-03-07,51.060001,51.810001,51.029999,51.720001,11727300,51.099766
ORCL,2018-03-08,51.939999,52.16,51.470001,52.130001,15864400,51.504845
ORCL,2018-03-09,52.349998,53,52.200001,52.970001,16218600,52.334774
ORCL,2018-03-12,52.98,53.439999,52.669998,52.900002,14108400,52.265614
ORCL,2018-03-13,53.240002,53.48,52.34,52.580002,12864400,51.949451
ORCL,2018-03-14,52.880001,53.150002,52.18,52.32,10885500,51.69257
ORCL,2018-03-15,52.220001,52.669998,52.110001,52.369999,14155200,51.74197
ORCL,2018-03-16,52.400002,52.689999,52.25,52.27,21011500,51.643169
ORCL,2018-03-19,52.43,52.580002,51.509998,51.950001,25777400,51.327007
ORCL,2018-03-20,46.799999,47.75,46.43,47.049999,68601e3,46.485767
ORCL,2018-03-21,47.290001,48.060001,47.009998,47.02,34597700,46.456131
ORCL,2018-03-22,46.720001,47.02,45.73,45.889999,25610100,45.339676
ORCL,2018-03-23,45.98,46.279999,44.759998,44.790001,21398900,44.252872000000004
ORCL,2018-03-26,45.549999,46.639999,45.389999,46.48,20754800,45.9226
ORCL,2018-03-27,46.630001,46.82,45,45.380001,18925300,44.835793
ORCL,2018-03-28,45.279999,45.360001,44.509998,44.98,22156900,44.44059
ORCL,2018-03-29,45.310001,46.290001,45.009998,45.75,14256400,45.201355
ORCL,2018-04-02,45.650002,45.849998,44.419998,45.009998,15343300,44.47023
ORCL,2018-04-03,45.330002,45.330002,44.290001,44.889999,15734600,44.351669
ORCL,2018-04-04,44.07,45.619999,44.040001,45.509998,18505900,44.964237
ORCL,2018-04-05,45.73,46.18,45.549999,45.959999,12313e3,45.408836
ORCL,2018-04-06,45.509998,45.75,44.599998,44.830002,13893600,44.292393
ORCL,2018-04-09,45.110001,45.650002,44.880001,44.900002,152e5,44.361553
ORCL,2018-04-10,45.549999,46.07,45.459999,45.82,14868900,45.270519
ORCL,2018-04-11,45.400002,45.990002,45.360001,45.610001,14911400,45.063038
ORCL,2018-04-12,45.689999,46.169998,45.650002,45.880001,13970300,45.3298
ORCL,2018-04-13,46.310001,46.529999,45.610001,46.080002,12493600,45.527401
ORCL,2018-04-16,46.029999,46.389999,45.599998,46.049999,11639e3,45.686134
ORCL,2018-04-17,46.41,46.93,46.389999,46.66,10762700,46.291317
ORCL,2018-04-18,46.68,47.290001,46.68,47.080002,11312900,46.708
ORCL,2018-04-19,46.990002,47.110001,46.700001,46.82,8563200,46.450054
ORCL,2018-04-20,46.470001,46.619999,45.98,46.23,15675600,45.864712
ORCL,2018-04-23,46.380001,46.470001,45.720001,45.799999,14904400,45.43811
ORCL,2018-04-24,45.93,46.369999,45.279999,45.529999,13357e3,45.170242
ORCL,2018-04-25,45.419998,45.84,45.049999,45.75,12637500,45.388508
ORCL,2018-04-26,46.09,46.209999,45.900002,45.959999,12175800,45.596848
ORCL,2018-04-27,46.119999,46.119999,45.470001,45.529999,14420800,45.170242
ORCL,2018-04-30,45.66,46.02,45.560001,45.669998,13896600,45.309139
ORCL,2018-05-01,45.389999,45.950001,45.389999,45.950001,8838e3,45.586929
ORCL,2018-05-02,45.889999,46.080002,45.470001,45.509998,10715200,45.150402
ORCL,2018-05-03,45.360001,45.389999,44.490002,45.060001,15370200,44.703957
ORCL,2018-05-04,44.93,45.919998,44.799999,45.709999,10571800,45.348824
ORCL,2018-05-07,45.939999,46.240002,45.779999,46.07,9006e3,45.705978
ORCL,2018-05-08,45.880001,45.990002,45.549999,45.939999,9830600,45.577003
ORCL,2018-05-09,46.23,46.68,45.98,46.580002,11822400,46.211952
ORCL,2018-05-10,46.799999,47.099998,46.610001,46.93,10974200,46.559181
ORCL,2018-05-11,47.110001,47.150002,46.639999,46.82,9498100,46.450054
ORCL,2018-05-14,46.810001,47.259998,46.689999,46.82,9689500,46.450054
ORCL,2018-05-15,46.509998,46.82,46.25,46.810001,11304900,46.440132
ORCL,2018-05-16,46.93,46.93,46.450001,46.73,9874200,46.360764
ORCL,2018-05-17,46.689999,47.060001,46.419998,46.540001,10162300,46.172268
ORCL,2018-05-18,46.689999,46.790001,46.240002,46.32,13517300,45.954002
ORCL,2018-05-21,46.529999,47.290001,46.490002,47.209999,13416300,46.836967
ORCL,2018-05-22,47.240002,47.540001,46.310001,46.369999,18505100,46.003609
ORCL,2018-05-23,46.080002,46.970001,46.02,46.900002,8921500,46.529423
ORCL,2018-05-24,46.66,46.939999,46.139999,46.459999,12496400,46.092896
ORCL,2018-05-25,46.490002,47.169998,46.48,47,11354300,46.628628
ORCL,2018-05-29,46.549999,46.799999,46.040001,46.259998,12367100,45.894474
ORCL,2018-05-30,46.630001,47.23,46.43,47.049999,11906500,46.678234
ORCL,2018-05-31,46.93,47.169998,46.709999,46.720001,13062400,46.350842
ORCL,2018-06-01,47.080002,47.360001,46.900002,47.349998,10797800,46.975864
ORCL,2018-06-04,47.48,47.57,47.23,47.32,12141e3,46.946102
ORCL,2018-06-05,47.330002,47.419998,46.810001,47.130001,13430900,46.757603
ORCL,2018-06-06,47.419998,47.810001,47.099998,47.75,13299100,47.372704
ORCL,2018-06-07,47.93,48.029999,47.419998,47.68,13714100,47.303257
ORCL,2018-06-08,47.41,48.380001,47.41,48.18,14515400,47.799305
ORCL,2018-06-11,48.150002,48.389999,47.970001,48.189999,12521100,47.809227
ORCL,2018-06-12,48.209999,48.59,48.16,48.450001,14713600,48.067173
ORCL,2018-06-13,48.110001,48.669998,48.09,48.27,18053300,47.888596
ORCL,2018-06-14,47.009998,47.02,45.66,45.900002,37001300,45.537323
ORCL,2018-06-15,45.869999,46.490002,45.189999,46.279999,28120400,45.914318
ORCL,2018-06-18,45.82,46.599998,45.459999,46.52,21474100,46.152424
ORCL,2018-06-19,45.84,46.41,45.77,46.27,22764900,45.904396
ORCL,2018-06-20,43.509998,44.790001,42.57,42.82,59129e3,42.481659
ORCL,2018-06-21,43.18,43.84,42.98,43.099998,32635100,42.759445
ORCL,2018-06-22,43.200001,44.299999,43.16,44.099998,29735100,43.751545
ORCL,2018-06-25,43.57,44.470001,43.490002,44.279999,24640500,43.930119
ORCL,2018-06-26,44.459999,44.849998,44.369999,44.41,20717500,44.059093
ORCL,2018-06-27,44.57,44.740002,43.439999,43.450001,26360100,43.106678
ORCL,2018-06-28,43.509998,44.02,43.360001,43.84,20918400,43.493599
ORCL,2018-06-29,44.040001,44.529999,43.75,44.060001,22144900,43.711864
ORCL,2018-07-02,43.959999,44.970001,43.77,44.950001,20655500,44.59483
ORCL,2018-07-03,44.990002,44.990002,44.52,44.720001,16783300,44.366646
ORCL,2018-07-05,45.150002,45.470001,44.990002,45.41,21916200,45.051193
ORCL,2018-07-06,45.459999,46.189999,45.27,46,20764300,45.636532
ORCL,2018-07-09,46.130001,46.790001,46.060001,46.73,25125700,46.360764
ORCL,2018-07-10,46.830002,47.360001,46.68,46.990002,27422e3,46.61871
ORCL,2018-07-11,46.82,47.759998,46.709999,47.639999,22802600,47.263573
ORCL,2018-07-12,47.790001,48.200001,47.75,48.150002,24857900,47.769547
ORCL,2018-07-13,47.970001,48.810001,47.830002,48.630001,25771400,48.24575
ORCL,2018-07-16,48.619999,48.619999,47.950001,48.459999,22949600,48.265667
ORCL,2018-07-17,48.290001,48.990002,48.150002,48.900002,18823100,48.703907
ORCL,2018-07-18,48.790001,49,48.400002,48.639999,19234700,48.444946
ORCL,2018-07-19,48.400002,48.720001,48.209999,48.439999,16656500,48.245747
ORCL,2018-07-20,48.490002,48.709999,48.360001,48.52,17232900,48.325428
ORCL,2018-07-23,48.619999,48.669998,48.049999,48.669998,17990200,48.474823
ORCL,2018-07-24,48.75,49.099998,48.560001,48.669998,19885500,48.474823
ORCL,2018-07-25,48.52,48.970001,48.5,48.950001,16354900,48.753704
ORCL,2018-07-26,48.849998,49.169998,48.759998,48.869999,15229900,48.674023
ORCL,2018-07-27,48.990002,49.119999,48.380001,48.630001,14856100,48.434986
ORCL,2018-07-30,48.580002,48.580002,47.459999,47.73,20167300,47.538597
ORCL,2018-07-31,47.900002,48.080002,47.389999,47.68,18808100,47.488796
ORCL,2018-08-01,47.91,48.220001,47.150002,47.349998,22933600,47.160118
ORCL,2018-08-02,47.040001,48.07,46.630001,47.900002,14227400,47.707916
ORCL,2018-08-03,47.919998,48.48,47.900002,48.470001,14295800,48.275631
ORCL,2018-08-06,48.290001,48.759998,48.220001,48.669998,13529300,48.474823
ORCL,2018-08-07,48.939999,48.950001,48.470001,48.48,11608e3,48.285587
ORCL,2018-08-08,48.419998,48.619999,48.259998,48.389999,10849400,48.19595
ORCL,2018-08-09,48.27,48.709999,48.27,48.540001,14708e3,48.345348
ORCL,2018-08-10,48.369999,48.720001,48.23,48.32,10502200,48.126228
ORCL,2018-08-13,48.34,48.59,47.970001,48.009998,12152100,47.817471
ORCL,2018-08-14,48.119999,48.349998,47.939999,48.23,11513700,48.036591
ORCL,2018-08-15,48.099998,48.259998,47.529999,47.84,14091e3,47.648155
ORCL,2018-08-16,48.139999,48.450001,48.040001,48.099998,11874300,47.907112
ORCL,2018-08-17,48.209999,48.5,47.990002,48.360001,11412e3,48.166069
ORCL,2018-08-20,48.400002,48.599998,48.259998,48.419998,11936700,48.225826
ORCL,2018-08-21,48.580002,48.639999,48.369999,48.41,10187600,48.21587
ORCL,2018-08-22,48.34,48.91,48.240002,48.799999,11639400,48.604305
ORCL,2018-08-23,48.799999,49.34,48.68,48.959999,11026700,48.763664
ORCL,2018-08-24,49,49.389999,48.970001,49.259998,14011700,49.062458
ORCL,2018-08-27,49.41,49.700001,49.290001,49.330002,12253300,49.132183
ORCL,2018-08-28,49.389999,49.43,48.599998,48.639999,15475700,48.444946
ORCL,2018-08-29,48.639999,49.099998,48.639999,48.889999,17307700,48.693943
ORCL,2018-08-30,48.889999,48.889999,48.310001,48.380001,15154900,48.185989
ORCL,2018-08-31,48.380001,48.630001,48.349998,48.580002,17844100,48.385189
ORCL,2018-09-04,48.360001,48.830002,48.16,48.580002,17289e3,48.385189
ORCL,2018-09-05,48.41,48.490002,47.790001,48.040001,16437700,47.847355
ORCL,2018-09-06,47.950001,48.220001,47.52,47.709999,18456100,47.518677
ORCL,2018-09-07,47.459999,47.990002,47.330002,47.810001,20513900,47.618275
ORCL,2018-09-10,48,49.049999,48,48.860001,20390600,48.664066
ORCL,2018-09-11,48.52,49.049999,48.52,48.919998,14877200,48.723824
ORCL,2018-09-12,48.75,49.470001,48.619999,49.34,17058700,49.142139
ORCL,2018-09-13,49.279999,49.75,48.880001,48.959999,22124400,48.763664
ORCL,2018-09-14,48.939999,49.450001,48.939999,49.25,20066100,49.052502
ORCL,2018-09-17,49.310001,49.939999,49.110001,49.18,29225e3,48.98278
ORCL,2018-09-18,47.509998,49.540001,47.360001,49.029999,33451100,48.833382
ORCL,2018-09-19,48.919998,49.540001,48.66,49.43,20904800,49.231777
ORCL,2018-09-20,49.66,51.080002,49.560001,50.43,26973500,50.227768
ORCL,2018-09-21,50.830002,51.119999,50.349998,51.099998,50751900,50.895081
ORCL,2018-09-24,50.810001,51.599998,50.709999,51.240002,23906100,51.034523
ORCL,2018-09-25,51.389999,51.93,50.970001,51.720001,18665800,51.512596
ORCL,2018-09-26,51.75,52.110001,51.560001,51.630001,18131e3,51.422958
ORCL,2018-09-27,51.560001,52.02,51.330002,51.689999,17993500,51.482716
ORCL,2018-09-28,51.540001,52.009998,51.490002,51.560001,16234200,51.353237
ORCL,2018-10-01,51.220001,51.990002,51.139999,51.799999,19217800,51.592274
ORCL,2018-10-02,51.650002,51.799999,50.130001,50.23,22406800,50.028568
ORCL,2018-10-03,49.59,50.099998,49.59,49.75,21207600,49.550495
ORCL,2018-10-04,49.68,49.779999,49.169998,49.470001,19034e3,49.271618
ORCL,2018-10-05,49.419998,49.77,49.119999,49.349998,16900200,49.1521
ORCL,2018-10-08,49.27,49.639999,48.900002,49.360001,16295800,49.16206
ORCL,2018-10-09,49.110001,49.400002,48.830002,48.869999,19009800,48.674023
ORCL,2018-10-10,48.810001,48.98,47.369999,47.400002,20885400,47.209919
ORCL,2018-10-11,47.330002,47.889999,46.490002,46.779999,26387600,46.592403
ORCL,2018-10-12,47.400002,47.75,46.66,47.380001,23152800,47.190002
ORCL,2018-10-15,46.959999,47.619999,46.869999,47.119999,15693400,47.119999
ORCL,2018-10-16,47.57,48.419998,47.470001,48.23,13600200,48.23
ORCL,2018-10-17,47.43,48.240002,47.43,47.860001,15071100,47.860001
ORCL,2018-10-18,47.57,48.139999,47.130001,47.380001,15084800,47.380001
ORCL,2018-10-19,47.5,48.240002,47.349998,47.59,17768400,47.59
ORCL,2018-10-22,47.849998,48.490002,47.709999,47.939999,16480200,47.939999
ORCL,2018-10-23,47.16,48.32,47.119999,47.990002,18921500,47.990002
ORCL,2018-10-24,47.880001,48.299999,46.700001,46.759998,20028200,46.759998
ORCL,2018-10-25,47.419998,48.290001,47.279999,47.959999,19349300,47.959999
ORCL,2018-10-26,47.240002,48.07,46.709999,47.32,23088700,47.32
ORCL,2018-10-29,47.810001,48.09,46.34,47.02,19248700,47.02
ORCL,2018-10-30,47.080002,48.619999,46.919998,48.57,24438200,48.57
ORCL,2018-10-31,49.049999,49.450001,48.59,48.84,21082900,48.84
ORCL,2018-11-01,48.959999,49.240002,48.34,48.59,17764900,48.59
ORCL,2018-11-02,48.93,49.02,48.240002,48.830002,17289300,48.830002
ORCL,2018-11-05,49,49.130001,48.5,49.02,13125800,49.02
ORCL,2018-11-06,49.099998,49.470001,48.830002,49.25,12362700,49.25
ORCL,2018-11-07,49.580002,50.5,49.470001,50.259998,14329800,50.259998
ORCL,2018-11-08,50.220001,50.5,50.07,50.43,11966600,50.43
ORCL,2018-11-09,50.419998,50.82,50.310001,50.610001,15316100,50.610001
ORCL,2018-11-12,50.169998,50.380001,49.110001,49.220001,14374400,49.220001
ORCL,2018-11-13,49.470001,50,49.240002,49.509998,13550600,49.509998
ORCL,2018-11-14,49.970001,49.970001,48.740002,48.84,15997300,48.84
